time,timestep,iteration,converged,density_error
0.000471698,0.000474432,2,1,4.43189e-09
0.000943396,0.000475381,2,1,1.35564e-09
0.00141509,0.000476331,2,1,6.77819e-10
0.00188679,0.000477284,2,1,2.2594e-10
0.00235849,0.000478239,2,1,1.2166e-10
0.00283019,0.000479195,2,1,1.738e-10
0.00330189,0.000480154,2,1,3.476e-11
0.00377358,0.000481114,2,1,0
0.00424528,0.000482076,2,1,0
0.00471698,0.00048304,2,1,0
0.00518868,0.000484006,2,1,0
0.00566038,0.000484974,2,1,0
0.00613208,0.000485944,2,1,0
0.00660377,0.000486916,2,1,0
0.00707547,0.00048789,2,1,0
0.00754717,0.000488866,2,1,0
0.00801887,0.000489844,2,1,0
0.00849057,0.000490823,2,1,0
0.00896226,0.000491805,2,1,0
0.00943396,0.000492788,2,1,0
0.00990566,0.000493774,2,1,0
0.0103774,0.000494762,2,1,0
0.0108491,0.000495751,2,1,0
0.0113208,0.000496743,2,1,0
0.0117925,0.000497736,2,1,0
0.0122642,0.000498732,2,1,0
0.0127358,0.000499729,2,1,0
0.0132075,0.000500728,2,1,0
0.0136792,0.00050173,2,1,0
0.0141509,0.000502733,2,1,0
0.0146226,0.000503739,2,1,0
0.0150943,0.000504746,2,1,0
0.015566,0.000505756,2,1,0
0.0160377,0.000506767,2,1,0
0.0165094,0.000507781,2,1,0
0.0169811,0.000508796,2,1,0
0.0174528,0.000509814,2,1,0
0.0179245,0.000510834,2,1,0
0.0183962,0.000511855,2,1,0
0.0188679,0.000512879,2,1,0
0.0193396,0.000513905,2,1,0
0.0198113,0.000514933,2,1,0
0.020283,0.000515962,2,1,0
0.0207547,0.000516994,2,1,0
0.0212264,0.000518028,2,1,0
0.0216981,0.000519064,2,1,0
0.0221698,0.000520103,2,1,2.3708e-07
0.0226415,0.000521143,2,1,1.75986e-06
0.0231132,0.000522185,2,1,3.59039e-06
0.0235849,0.000523229,2,1,5.79605e-06
0.0240566,0.000524276,2,1,1.10438e-05
0.0245283,0.000525324,2,1,1.758e-05
0.025,0.000526375,2,1,1.88056e-05
0.0254717,0.000527428,2,1,2.88782e-05
0.0259434,0.000528483,2,1,3.31275e-05
0.0264151,0.00052954,2,1,3.58031e-05
0.0268868,0.000530599,2,1,3.43685e-05
0.0273585,0.00053166,2,1,2.91608e-05
0.0278302,0.000532723,2,1,2.19435e-05
0.0283019,0.000533789,2,1,1.65841e-05
0.0287736,0.000534856,2,1,1.82315e-05
0.0292453,0.000535926,2,1,2.82771e-05
0.029717,0.000536998,2,1,2.93148e-05
0.0301887,0.000538072,2,1,3.38859e-05
0.0306604,0.000539148,2,1,3.90225e-05
0.0311321,0.000540226,2,1,3.287e-05
0.0316038,0.000541307,2,1,2.27822e-05
0.0320755,0.000542389,2,1,1.54991e-05
0.0325472,0.000543474,2,1,1.10084e-05
0.0330189,0.000544561,2,1,8.31437e-06
0.0334906,0.00054565,2,1,6.86434e-06
0.0339623,0.000546742,2,1,8.04796e-06
0.034434,0.000547835,2,1,1.1392e-05
0.0349057,0.000548931,2,1,1.5243e-05
0.0353774,0.000550029,2,1,1.90452e-05
0.0358491,0.000551129,2,1,2.10012e-05
0.0363208,0.000552231,2,1,1.91382e-05
0.0367925,0.000553335,2,1,1.54454e-05
0.0372642,0.000554442,2,1,1.17453e-05
0.0377358,0.000555551,2,1,9.01227e-06
0.0382075,0.000556662,2,1,6.9416e-06
0.0386792,0.000557775,2,1,5.84171e-06
0.0391509,0.000558891,2,1,5.20162e-06
0.0396226,0.000560009,2,1,4.99838e-06
0.0400943,0.000561129,2,1,5.01836e-06
0.040566,0.000562251,2,1,5.11225e-06
0.0410377,0.000563375,2,1,5.36614e-06
0.0415094,0.000564502,2,1,5.51665e-06
0.0419811,0.000565631,2,1,6.5799e-06
0.0424528,0.000566762,2,1,7.28581e-06
0.0429245,0.000567896,2,1,7.71542e-06
0.0433962,0.000569032,2,1,7.93276e-06
0.0438679,0.00057017,2,1,8.08278e-06
0.0443396,0.00057131,2,1,7.91615e-06
0.0448113,0.000572453,2,1,8.26604e-06
0.045283,0.000573598,2,1,8.27471e-06
0.0457547,0.000574745,2,1,8.39003e-06
0.0462264,0.000575894,2,1,8.41161e-06
0.0466981,0.000577046,2,1,8.20491e-06
0.0471698,0.0005782,2,1,8.33648e-06
0.0476415,0.000579357,2,1,8.92359e-06
0.0481132,0.000580515,2,1,9.77692e-06
0.0485849,0.000581676,2,1,1.0299e-05
0.0490566,0.00058284,2,1,1.05699e-05
0.0495283,0.000584005,2,1,1.0789e-05
0.05,0.000585173,2,1,1.13121e-05
0.0504717,0.000586344,2,1,1.17777e-05
0.0509434,0.000587516,2,1,1.2777e-05
0.0514151,0.000588691,2,1,1.55649e-05
0.0518868,0.000589869,2,1,1.85209e-05
0.0523585,0.000591049,2,1,2.00797e-05
0.0528302,0.000592231,2,1,2.13046e-05
0.0533019,0.000593415,2,1,2.05035e-05
0.0537736,0.000594602,2,1,1.93303e-05
0.0542453,0.000595791,2,1,1.84676e-05
0.054717,0.000596983,2,1,1.72271e-05
0.0551887,0.000598177,2,1,1.6217e-05
0.0556604,0.000599373,2,1,1.54881e-05
0.0561321,0.000600572,2,1,1.46544e-05
0.0566038,0.000601773,2,1,1.38641e-05
0.0570755,0.000602977,2,1,1.36839e-05
0.0575472,0.000604182,2,1,1.3512e-05
0.0580189,0.000605391,2,1,1.42496e-05
0.0584906,0.000606602,2,1,1.47608e-05
0.0589623,0.000607815,2,1,1.58675e-05
0.059434,0.00060903,2,1,1.6644e-05
0.0599057,0.000610249,2,1,1.76621e-05
0.0603774,0.000611469,2,1,1.86552e-05
0.0608491,0.000612692,2,1,1.98074e-05
0.0613208,0.000613917,2,1,2.0814e-05
0.0617925,0.000615145,2,1,2.2141e-05
0.0622642,0.000616375,2,1,2.35712e-05
0.0627358,0.000617608,2,1,2.58959e-05
0.0632075,0.000618843,2,1,2.80912e-05
0.0636792,0.000620081,2,1,3.02658e-05
0.0641509,0.000621321,2,1,3.47588e-05
0.0646226,0.000622564,2,1,4.57832e-05
0.0650943,0.000623809,2,1,6.57461e-05
0.065566,0.000625057,2,1,9.34659e-05
0.0660377,0.000626307,2,1,0.000116564
0.0665094,0.000627559,2,1,0.000127504
0.0669811,0.000628815,2,1,0.000124628
0.0674528,0.000630072,2,1,0.000126595
0.0679245,0.000631332,2,1,0.00011863
0.0683962,0.000632595,2,1,0.00011878
0.0688679,0.00063386,2,1,0.000119808
0.0693396,0.000635128,2,1,0.000116845
0.0698113,0.000636398,2,1,0.00011238
0.070283,0.000637671,2,1,0.000104623
0.0707547,0.000638946,2,1,9.9004e-05
0.0712264,0.000640224,2,1,9.1296e-05
0.0716981,0.000641505,2,1,8.47274e-05
0.0721698,0.000642788,2,1,7.7265e-05
0.0726415,0.000644073,2,1,7.33661e-05
0.0731132,0.000645361,2,1,6.82271e-05
0.0735849,0.000646652,2,1,6.78808e-05
0.0740566,0.000647945,2,1,6.91363e-05
0.0745283,0.000649241,2,1,7.29973e-05
0.075,0.00065054,2,1,7.25471e-05
0.0754717,0.000651841,2,1,7.01833e-05
0.0759434,0.000653144,2,1,6.74983e-05
0.0764151,0.000654451,2,1,6.73428e-05
0.0768868,0.00065576,2,1,7.06278e-05
0.0773585,0.000657071,2,1,7.69526e-05
0.0778302,0.000658385,2,1,8.21693e-05
0.0783019,0.000659702,2,1,7.70652e-05
0.0787736,0.000661022,2,1,8.29191e-05
0.0792453,0.000662344,2,1,8.08033e-05
0.079717,0.000663668,2,1,7.8399e-05
0.0801887,0.000664996,2,1,7.66302e-05
0.0806604,0.000666326,2,1,7.29982e-05
0.0811321,0.000667658,2,1,7.46843e-05
0.0816038,0.000668994,2,1,7.4499e-05
0.0820755,0.000670332,2,1,7.48808e-05
0.0825472,0.000671672,2,1,8.17948e-05
0.0830189,0.000673016,2,1,8.79414e-05
0.0834906,0.000674362,2,1,9.26105e-05
0.0839623,0.00067571,2,1,9.92109e-05
0.084434,0.000677062,2,1,0.000104369
0.0849057,0.000678416,2,1,0.000102494
0.0853774,0.000679773,2,1,0.000103733
0.0858491,0.000681132,2,1,0.000104976
0.0863208,0.000682494,2,1,0.000115592
0.0867925,0.000683859,2,1,0.000123713
0.0872642,0.000685227,2,1,0.000132503
0.0877358,0.000686598,2,1,0.000138617
0.0882075,0.000687971,2,1,0.000152856
0.0886792,0.000689347,2,1,0.000168796
0.0891509,0.000690725,2,1,0.000179158
0.0896226,0.000692107,2,1,0.000192098
0.0900943,0.000693491,2,1,0.000202285
0.090566,0.000694878,2,1,0.00021186
0.0910377,0.000696268,2,1,0.000217786
0.0915094,0.00069766,2,1,0.000225707
0.0919811,0.000699056,2,1,0.000231966
0.0924528,0.000700454,2,1,0.000237983
0.0929245,0.000701855,2,1,0.000263259
0.0933962,0.000703258,2,1,0.000296985
0.0938679,0.000704665,2,1,0.00031754
0.0943396,0.000706074,2,1,0.00033269
0.0948113,0.000707486,2,1,0.000344593
0.095283,0.000708901,2,1,0.000358877
0.0957547,0.000710319,2,1,0.000372468
0.0962264,0.00071174,2,1,0.000376139
0.0966981,0.000713163,2,1,0.000397744
0.0971698,0.00071459,2,1,0.000415986
0.0976415,0.000716019,2,1,0.000404832
0.0981132,0.000717451,2,1,0.000406233
0.0985849,0.000718886,2,1,0.000391445
0.0990566,0.000720324,2,1,0.000371736
0.0995283,0.000721764,2,1,0.00038706
0.1,0.000723208,2,1,0.000397759
0.100472,0.000724654,2,1,0.000408748
0.100943,0.000726103,2,1,0.00041294
0.101415,0.000727556,2,1,0.000405394
0.101887,0.000729011,2,1,0.000422275
0.102358,0.000730469,2,1,0.000424755
0.10283,0.00073193,2,1,0.000456388
0.103302,0.000733394,2,1,0.000495469
0.103774,0.00073486,2,1,0.000507181
0.104245,0.00073633,2,1,0.000534878
0.104717,0.000737803,2,1,0.000586848
0.105189,0.000739278,2,1,0.000587376
0.10566,0.000740757,2,1,0.000612558
0.106132,0.000742238,2,1,0.000599976
0.106604,0.000743723,2,1,0.000589478
0.107075,0.00074521,2,1,0.000606864
0.107547,0.000746701,2,1,0.000623994
0.108019,0.000748194,2,1,0.000600496
0.108491,0.000749691,2,1,0.000596589
0.108962,0.00075119,2,1,0.000600311
0.109434,0.000752692,2,1,0.000629494
0.109906,0.000754198,2,1,0.000637805
0.110377,0.000755706,2,1,0.00066059
0.110849,0.000757218,2,1,0.000694598
0.111321,0.000758732,2,1,0.000743611
0.111792,0.000760249,2,1,0.000771947
0.112264,0.00076177,2,1,0.000812179
0.112736,0.000763293,2,1,0.000840167
0.113208,0.00076482,2,1,0.000855073
0.113679,0.00076635,2,1,0.000842686
0.114151,0.000767882,2,1,0.000839902
0.114623,0.000769418,2,1,0.000853246
0.115094,0.000770957,2,1,0.000864878
0.115566,0.000772499,2,1,0.000866015
0.116038,0.000774044,2,1,0.000842332
0.116509,0.000775592,2,1,0.000840768
0.116981,0.000777143,2,1,0.000827351
0.117453,0.000778697,2,1,0.000802655
0.117925,0.000780255,2,1,0.000772283
0.118396,0.000781815,2,1,0.00074453
0.118868,0.000783379,2,1,0.000730576
0.11934,0.000784946,2,1,0.000709009
0.119811,0.000786516,2,1,0.000667523
0.120283,0.000788089,2,1,0.000648203
0.120755,0.000789665,2,1,0.000654005
0.121226,0.000791244,2,1,0.000647187
0.121698,0.000792827,2,1,0.00064198
0.12217,0.000794412,2,1,0.000620415
0.122642,0.000796001,2,1,0.000613212
0.123113,0.000797593,2,1,0.000602203
0.123585,0.000799188,2,1,0.000586286
0.124057,0.000800787,2,1,0.00056884
0.124528,0.000802388,2,1,0.000563548
0.125,0.000803993,2,1,0.000565389
0.125472,0.000805601,2,1,0.000545397
0.125943,0.000807212,2,1,0.00052214
0.126415,0.000808827,2,1,0.000486174
0.126887,0.000810444,2,1,0.000432525
0.127358,0.000812065,2,1,0.000396787
0.12783,0.000813689,2,1,0.000360196
0.128302,0.000815317,2,1,0.000343995
0.128774,0.000816947,2,1,0.000320785
0.129245,0.000818581,2,1,0.000315646
0.129717,0.000820218,2,1,0.000329035
0.130189,0.000821859,2,1,0.000324754
0.13066,0.000823503,2,1,0.000326703
0.131132,0.00082515,2,1,0.000330655
0.131604,0.0008268,2,1,0.000336683
0.132075,0.000828453,2,1,0.000332452
0.132547,0.00083011,2,1,0.000342035
0.133019,0.000831771,2,1,0.000337842
0.133491,0.000833434,2,1,0.000329229
0.133962,0.000835101,2,1,0.000318177
0.134434,0.000836771,2,1,0.000308956
0.134906,0.000838445,2,1,0.000295665
0.135377,0.000840122,2,1,0.00028177
0.135849,0.000841802,2,1,0.000265774
0.136321,0.000843486,2,1,0.000252275
0.136792,0.000845172,2,1,0.000244657
0.137264,0.000846863,2,1,0.000241457
0.137736,0.000848557,2,1,0.000239492
0.138208,0.000850254,2,1,0.00023825
0.138679,0.000851954,2,1,0.000235101
0.139151,0.000853658,2,1,0.000235518
0.139623,0.000855365,2,1,0.00023276
0.140094,0.000857076,2,1,0.000229276
0.140566,0.00085879,2,1,0.000232269
0.141038,0.000860508,2,1,0.000230579
0.141509,0.000862229,2,1,0.000229257
0.141981,0.000863953,2,1,0.000231194
0.142453,0.000865681,2,1,0.000231398
0.142925,0.000867413,2,1,0.000231576
0.143396,0.000869147,2,1,0.000232624
0.143868,0.000870886,2,1,0.000228001
0.14434,0.000872627,2,1,0.00022676
0.144811,0.000874373,2,1,0.000224567
0.145283,0.000876121,2,1,0.000221213
0.145755,0.000877874,2,1,0.00022296
0.146226,0.000879629,2,1,0.000220631
0.146698,0.000881389,2,1,0.000222293
0.14717,0.000883152,2,1,0.000221051
0.147642,0.000884918,2,1,0.000220454
0.148113,0.000886688,2,1,0.000221736
0.148585,0.000888461,2,1,0.000225411
0.149057,0.000890238,2,1,0.000223464
0.149528,0.000892018,2,1,0.000220387
0.15,0.000893802,2,1,0.000223047
0.150472,0.00089559,2,1,0.00022377
0.150943,0.000897381,2,1,0.000223229
0.151415,0.000899176,2,1,0.00022703
0.151887,0.000900974,2,1,0.000229938
0.152358,0.000902776,2,1,0.00023478
0.15283,0.000904582,2,1,0.00024564
0.153302,0.000906391,2,1,0.000249733
0.153774,0.000908204,2,1,0.000251937
0.154245,0.00091002,2,1,0.00025771
0.154717,0.00091184,2,1,0.000255502
0.155189,0.000913664,2,1,0.000253044
0.15566,0.000915491,2,1,0.00025424
0.156132,0.000917322,2,1,0.000259172
0.156604,0.000919157,2,1,0.000262698
0.157075,0.000920995,2,1,0.000271703
0.157547,0.000922837,2,1,0.000276115
0.158019,0.000924683,2,1,0.000280465
0.158491,0.000926532,2,1,0.000283807
0.158962,0.000928385,2,1,0.000288367
0.159434,0.000930242,2,1,0.000291263
0.159906,0.000932103,2,1,0.000287527
0.160377,0.000933967,2,1,0.00028684
0.160849,0.000935835,2,1,0.000288648
0.161321,0.000937706,2,1,0.000282621
0.161792,0.000939582,2,1,0.000277265
0.162264,0.000941461,2,1,0.000272174
0.162736,0.000943344,2,1,0.00027197
0.163208,0.000945231,2,1,0.000272415
0.163679,0.000947121,2,1,0.000270067
0.164151,0.000949015,2,1,0.000279681
0.164623,0.000950913,2,1,0.000290476
0.165094,0.000952815,2,1,0.000293309
0.165566,0.000954721,2,1,0.0003115
0.166038,0.00095663,2,1,0.000309338
0.166509,0.000958543,2,1,0.000318361
0.166981,0.000960461,2,1,0.000346312
0.167453,0.000962381,2,1,0.000357323
0.167925,0.000964306,2,1,0.000365154
0.168396,0.000966235,2,1,0.000365994
0.168868,0.000968167,2,1,0.000361534
0.16934,0.000970104,2,1,0.000355965
0.169811,0.000972044,2,1,0.000357908
0.170283,0.000973988,2,1,0.0003482
0.170755,0.000975936,2,1,0.000345836
0.171226,0.000977888,2,1,0.000340813
0.171698,0.000979844,2,1,0.000332912
0.17217,0.000981803,2,1,0.000325358
0.172642,0.000983767,2,1,0.000328691
0.173113,0.000985734,2,1,0.000322127
0.173585,0.000987706,2,1,0.000317957
0.174057,0.000989681,2,1,0.000312319
0.174528,0.000991661,2,1,0.000310571
0.175,0.000993644,2,1,0.000303265
0.175472,0.000995631,2,1,0.000299277
0.175943,0.000997623,2,1,0.000288759
0.176415,0.000999618,2,1,0.000286686
0.176887,0.00100162,2,1,0.000289013
0.177358,0.00100362,2,1,0.0003065
0.17783,0.00100563,2,1,0.000322189
0.178302,0.00100764,2,1,0.000335314
0.178774,0.00100965,2,1,0.000348547
0.179245,0.00101167,2,1,0.000354111
0.179717,0.0010137,2,1,0.000364793
0.180189,0.00101572,2,1,0.000367828
0.18066,0.00101776,2,1,0.000368497
0.181132,0.00101979,2,1,0.000372763
0.181604,0.00102183,2,1,0.000374215
0.182075,0.00102387,2,1,0.000375946
0.182547,0.00102592,2,1,0.00036681
0.183019,0.00102797,2,1,0.000376489
0.183491,0.00103003,2,1,0.000374386
0.183962,0.00103209,2,1,0.000376083
0.184434,0.00103415,2,1,0.000378247
0.184906,0.00103622,2,1,0.000380028
0.185377,0.00103829,2,1,0.000380347
0.185849,0.00104037,2,1,0.000381711
0.186321,0.00104245,2,1,0.000384183
0.186792,0.00104454,2,1,0.000384327
0.187264,0.00104663,2,1,0.000384278
0.187736,0.00104872,2,1,0.00038516
0.188208,0.00105082,2,1,0.000382349
0.188679,0.00105292,2,1,0.000371496
0.189151,0.00105502,2,1,0.000385564
0.189623,0.00105713,2,1,0.00039105
0.190094,0.00105925,2,1,0.000395644
0.190566,0.00106137,2,1,0.000414559
0.191038,0.00106349,2,1,0.000419285
0.191509,0.00106562,2,1,0.000418824
0.191981,0.00106775,2,1,0.000424939
0.192453,0.00106988,2,1,0.000429176
0.192925,0.00107202,2,1,0.000414454
0.193396,0.00107417,2,1,0.000419882
0.193868,0.00107632,2,1,0.00040695
0.19434,0.00107847,2,1,0.00040478
0.194811,0.00108063,2,1,0.00041819
0.195283,0.00108279,2,1,0.000419597
0.195755,0.00108495,2,1,0.000421885
0.196226,0.00108712,2,1,0.000429301
0.196698,0.0010893,2,1,0.000449173
0.19717,0.00109147,2,1,0.000447127
0.197642,0.00109366,2,1,0.000455661
0.198113,0.00109585,2,1,0.000454377
0.198585,0.00109804,2,1,0.000454928
0.199057,0.00110023,2,1,0.000447188
0.199528,0.00110243,2,1,0.000434378
0.2,0.00110464,2,1,0.000421801
0.200472,0.00110685,2,1,0.000414833
0.200943,0.00110906,2,1,0.000404513
0.201415,0.00111128,2,1,0.00040443
0.201887,0.0011135,2,1,0.000401376
0.202358,0.00111573,2,1,0.000399181
0.20283,0.00111796,2,1,0.000404971
0.203302,0.0011202,2,1,0.000412402
0.203774,0.00112244,2,1,0.000417795
0.204245,0.00112468,2,1,0.000424502
0.204717,0.00112693,2,1,0.000425784
0.205189,0.00112918,2,1,0.000433109
0.20566,0.00113144,2,1,0.000446823
0.206132,0.00113371,2,1,0.000446162
0.206604,0.00113597,2,1,0.000462086
0.207075,0.00113825,2,1,0.000466179
0.207547,0.00114052,2,1,0.000460708
0.208019,0.0011428,2,1,0.000470378
0.208491,0.00114509,2,1,0.000473458
0.208962,0.00114738,2,1,0.000469549
0.209434,0.00114967,2,1,0.000476185
0.209906,0.00115197,2,1,0.000485586
0.210377,0.00115428,2,1,0.00049846
0.210849,0.00115659,2,1,0.000497104
0.211321,0.0011589,2,1,0.000506415
0.211792,0.00116122,2,1,0.000504775
0.212264,0.00116354,2,1,0.000501513
0.212736,0.00116587,2,1,0.000502487
0.213208,0.0011682,2,1,0.000501593
0.213679,0.00117053,2,1,0.00049612
0.214151,0.00117287,2,1,0.00049056
0.214623,0.00117522,2,1,0.000487177
0.215094,0.00117757,2,1,0.000478662
0.215566,0.00117993,2,1,0.000463525
0.216038,0.00118229,2,1,0.000455943
0.216509,0.00118465,2,1,0.000448466
0.216981,0.00118702,2,1,0.000438346
0.217453,0.00118939,2,1,0.00044172
0.217925,0.00119177,2,1,0.000438909
0.218396,0.00119416,2,1,0.000456504
0.218868,0.00119654,2,1,0.000463957
0.21934,0.00119894,2,1,0.000470346
0.219811,0.00120134,2,1,0.000482295
0.220283,0.00120374,2,1,0.000494597
0.220755,0.00120615,2,1,0.000510741
0.221226,0.00120856,2,1,0.000512534
0.221698,0.00121098,2,1,0.000532561
0.22217,0.0012134,2,1,0.000544751
0.222642,0.00121582,2,1,0.000567978
0.223113,0.00121826,2,1,0.000568683
0.223585,0.00122069,2,1,0.000576921
0.224057,0.00122313,2,1,0.000603316
0.224528,0.00122558,2,1,0.000596375
0.225,0.00122803,2,1,0.000592158
0.225472,0.00123049,2,1,0.000602153
0.225943,0.00123295,2,1,0.00061359
0.226415,0.00123541,2,1,0.000611656
0.226887,0.00123788,2,1,0.000604086
0.227358,0.00124036,2,1,0.000585919
0.22783,0.00124284,2,1,0.000579818
0.228302,0.00124533,2,1,0.00057653
0.228774,0.00124782,2,1,0.000560657
0.229245,0.00125031,2,1,0.000556673
0.229717,0.00125281,2,1,0.000551407
0.230189,0.00125532,2,1,0.000551289
0.23066,0.00125783,2,1,0.000536069
0.231132,0.00126035,2,1,0.000524404
0.231604,0.00126287,2,1,0.00053325
0.232075,0.00126539,2,1,0.000524955
0.232547,0.00126792,2,1,0.000523065
0.233019,0.00127046,2,1,0.000527931
0.233491,0.001273,2,1,0.000547606
0.233962,0.00127555,2,1,0.000553559
0.234434,0.0012781,2,1,0.000560301
0.234906,0.00128065,2,1,0.000570383
0.235377,0.00128321,2,1,0.000560242
0.235849,0.00128578,2,1,0.00056016
0.236321,0.00128835,2,1,0.000557865
0.236792,0.00129093,2,1,0.000561388
0.237264,0.00129351,2,1,0.000553786
0.237736,0.0012961,2,1,0.000555145
0.238208,0.00129869,2,1,0.000551125
0.238679,0.00130129,2,1,0.000542311
0.239151,0.00130389,2,1,0.000537727
0.239623,0.0013065,2,1,0.000526708
0.240094,0.00130911,2,1,0.000519547
0.240566,0.00131173,2,1,0.000511855
0.241038,0.00131435,2,1,0.000518536
0.241509,0.00131698,2,1,0.00051507
0.241981,0.00131962,2,1,0.000519716
0.242453,0.00132225,2,1,0.000526951
0.242925,0.0013249,2,1,0.000540311
0.243396,0.00132755,2,1,0.000548959
0.243868,0.0013302,2,1,0.000556002
0.24434,0.00133286,2,1,0.000551487
0.244811,0.00133553,2,1,0.000555191
0.245283,0.0013382,2,1,0.000557692
0.245755,0.00134088,2,1,0.000555289
0.246226,0.00134356,2,1,0.000552993
0.246698,0.00134625,2,1,0.000557586
0.24717,0.00134894,2,1,0.000558888
0.247642,0.00135164,2,1,0.000553417
0.248113,0.00135434,2,1,0.000573336
0.248585,0.00135705,2,1,0.000583192
0.249057,0.00135976,2,1,0.000592277
0.249528,0.00136248,2,1,0.00059818
0.25,0.00136521,2,1,0.000584242
0.250472,0.00136794,2,1,0.000563793
0.250943,0.00137067,2,1,0.000552106
0.251415,0.00137341,2,1,0.000597363
0.251887,0.00137616,2,1,0.00059951
0.252358,0.00137891,2,1,0.000615824
0.25283,0.00138167,2,1,0.00062427
0.253302,0.00138443,2,1,0.000635668
0.253774,0.0013872,2,1,0.00065493
0.254245,0.00138998,2,1,0.000658007
0.254717,0.00139276,2,1,0.000653775
0.255189,0.00139554,2,1,0.00064769
0.25566,0.00139833,2,1,0.000640072
0.256132,0.00140113,2,1,0.000628776
0.256604,0.00140393,2,1,0.000608216
0.257075,0.00140674,2,1,0.000589609
0.257547,0.00140956,2,1,0.000590804
0.258019,0.00141237,2,1,0.00057372
0.258491,0.0014152,2,1,0.000578176
0.258962,0.00141803,2,1,0.000577396
0.259434,0.00142087,2,1,0.00057999
0.259906,0.00142371,2,1,0.000588112
0.260377,0.00142655,2,1,0.000595802
0.260849,0.00142941,2,1,0.000598919
0.261321,0.00143227,2,1,0.000616761
0.261792,0.00143513,2,1,0.000623036
0.262264,0.001438,2,1,0.000624798
0.262736,0.00144088,2,1,0.000656957
0.263208,0.00144376,2,1,0.000672
0.263679,0.00144665,2,1,0.000682377
0.264151,0.00144954,2,1,0.000698106
0.264623,0.00145244,2,1,0.000709937
0.265094,0.00145534,2,1,0.000721552
0.265566,0.00145825,2,1,0.000725346
0.266038,0.00146117,2,1,0.000732533
0.266509,0.00146409,2,1,0.000716895
0.266981,0.00146702,2,1,0.000686775
0.267453,0.00146996,2,1,0.000674881
0.267925,0.0014729,2,1,0.000672682
0.268396,0.00147584,2,1,0.000657191
0.268868,0.00147879,2,1,0.000660925
0.26934,0.00148175,2,1,0.000672893
0.269811,0.00148471,2,1,0.000688112
0.270283,0.00148768,2,1,0.000694387
0.270755,0.00149066,2,1,0.000691533
0.271226,0.00149364,2,1,0.000699139
0.271698,0.00149663,2,1,0.000677496
0.27217,0.00149962,2,1,0.000679751
0.272642,0.00150262,2,1,0.000666833
0.273113,0.00150563,2,1,0.000675922
0.273585,0.00150864,2,1,0.000667376
0.274057,0.00151165,2,1,0.000682451
0.274528,0.00151468,2,1,0.000695688
0.275,0.00151771,2,1,0.000714454
0.275472,0.00152074,2,1,0.000718271
0.275943,0.00152378,2,1,0.00073314
0.276415,0.00152683,2,1,0.000722229
0.276887,0.00152988,2,1,0.000739355
0.277358,0.00153294,2,1,0.000734543
0.27783,0.00153601,2,1,0.00074991
0.278302,0.00153908,2,1,0.000751375
0.278774,0.00154216,2,1,0.000763577
0.279245,0.00154524,2,1,0.000771148
0.279717,0.00154834,2,1,0.00076663
0.280189,0.00155143,2,1,0.000774431
0.28066,0.00155453,2,1,0.000775598
0.281132,0.00155764,2,1,0.000764953
0.281604,0.00156076,2,1,0.000749133
0.282075,0.00156388,2,1,0.000759477
0.282547,0.00156701,2,1,0.000747736
0.283019,0.00157014,2,1,0.000745005
0.283491,0.00157328,2,1,0.000745041
0.283962,0.00157643,2,1,0.000741083
0.284434,0.00157958,2,1,0.000735216
0.284906,0.00158274,2,1,0.000743898
0.285377,0.00158591,2,1,0.00074719
0.285849,0.00158908,2,1,0.000749984
0.286321,0.00159226,2,1,0.000747583
0.286792,0.00159544,2,1,0.000744648
0.287264,0.00159863,2,1,0.000743016
0.287736,0.00160183,2,1,0.000743518
0.288208,0.00160503,2,1,0.000753911
0.288679,0.00160824,2,1,0.000754227
0.289151,0.00161146,2,1,0.000758341
0.289623,0.00161468,2,1,0.000765886
0.290094,0.00161791,2,1,0.000767151
0.290566,0.00162115,2,1,0.000769221
0.291038,0.00162439,2,1,0.000767216
0.291509,0.00162764,2,1,0.000769221
0.291981,0.00163089,2,1,0.00078982
0.292453,0.00163416,2,1,0.000793761
0.292925,0.00163742,2,1,0.000814941
0.293396,0.0016407,2,1,0.000828214
0.293868,0.00164398,2,1,0.000840827
0.29434,0.00164727,2,1,0.000854884
0.294811,0.00165056,2,1,0.000856953
0.295283,0.00165386,2,1,0.00085587
0.295755,0.00165717,2,1,0.000877765
0.296226,0.00166049,2,1,0.000872139
0.296698,0.00166381,2,1,0.000888341
0.29717,0.00166713,2,1,0.000881486
0.297642,0.00167047,2,1,0.000895842
0.298113,0.00167381,2,1,0.000894474
0.298585,0.00167716,2,1,0.000886973
0.299057,0.00168051,2,1,0.000890198
0.299528,0.00168387,2,1,0.000877192
0.3,0.00168724,2,1,0.000871306
0.300472,0.00169062,2,1,0.000870986
0.300943,0.001694,2,1,0.000848765
0.301415,0.00169738,2,1,0.000850173
0.301887,0.00170078,2,1,0.000838838
0.302358,0.00170418,2,1,0.000844359
0.30283,0.00170759,2,1,0.000845946
0.303302,0.001711,2,1,0.000844144
0.303774,0.00171443,2,1,0.000838502
0.304245,0.00171785,2,1,0.000841864
0.304717,0.00172129,2,1,0.000840404
0.305189,0.00172473,2,1,0.000841583
0.30566,0.00172818,2,1,0.000844696
0.306132,0.00173164,2,1,0.000852019
0.306604,0.0017351,2,1,0.00086821
0.307075,0.00173857,2,1,0.000875765
0.307547,0.00174205,2,1,0.000885347
0.308019,0.00174553,2,1,0.000883175
0.308491,0.00174902,2,1,0.000904496
0.308962,0.00175252,2,1,0.000915873
0.309434,0.00175603,2,1,0.000930921
0.309906,0.00175954,2,1,0.000945336
0.310377,0.00176306,2,1,0.000979923
0.310849,0.00176659,2,1,0.000965647
0.311321,0.00177012,2,1,0.000969757
0.311792,0.00177366,2,1,0.000980021
0.312264,0.00177721,2,1,0.000986886
0.312736,0.00178076,2,1,0.000987578
0.313208,0.00178432,2,1,0.000977196
0.313679,0.00178789,2,1,0.000976287
0.314151,0.00179147,2,1,0.000968382
0.314623,0.00179505,2,1,0.000969926
0.315094,0.00179864,2,1,0.00096726
0.315566,0.00180224,2,1,0.000963007
0.316038,0.00180584,2,1,0.000967123
0.316509,0.00180945,2,1,0.000944302
0.316981,0.00181307,2,1,0.000956623
0.317453,0.0018167,2,1,0.000974136
0.317925,0.00182033,2,1,0.000986756
0.318396,0.00182397,2,1,0.000988165
0.318868,0.00182762,3,1,0.000937993
0.31934,0.00183128,2,1,0.000971392
0.319811,0.00183494,2,1,0.000969035
0.320283,0.00183861,2,1,0.00094961
0.320755,0.00184228,2,1,0.000953476
0.321226,0.00184597,2,1,0.000926508
0.321698,0.00184966,2,1,0.000897264
0.32217,0.00185336,2,1,0.000890891
0.322642,0.00185707,2,1,0.000883225
0.323113,0.00186078,2,1,0.000881903
0.323585,0.0018645,2,1,0.000881994
0.324057,0.00186823,2,1,0.000909575
0.324528,0.00187197,2,1,0.000917834
0.325,0.00187571,2,1,0.000961682
0.325472,0.00187946,2,1,0.000990373
0.325943,0.00188322,3,1,0.000934983
0.326415,0.00188699,3,1,0.000934884
0.326887,0.00189076,3,1,0.000956592
0.327358,0.00189454,2,1,0.000983387
0.32783,0.00189833,2,1,0.000983768
0.328302,0.00190213,2,1,0.000970605
0.328774,0.00190593,2,1,0.000967649
0.329245,0.00190975,2,1,0.00099763
0.329717,0.00191357,2,1,0.000998822
0.330189,0.00191739,3,1,0.000952967
0.33066,0.00192123,2,1,0.000980495
0.331132,0.00192507,3,1,0.000936379
0.331604,0.00192892,2,1,0.000987776
0.332075,0.00193278,2,1,0.000985771
0.332547,0.00193664,2,1,0.000979907
0.333019,0.00194052,2,1,0.000968031
0.333491,0.0019444,2,1,0.000968189
0.333962,0.00194829,2,1,0.000986174
0.334434,0.00195218,3,1,0.000932032
0.334906,0.00195609,2,1,0.000964227
0.335377,0.00196,2,1,0.000991133
0.335849,0.00196392,3,1,0.000936094
0.336321,0.00196785,2,1,0.000968821
0.336792,0.00197178,2,1,0.000980053
0.337264,0.00197573,2,1,0.000987748
0.337736,0.00197968,2,1,0.000984011
0.338208,0.00198364,3,1,0.000950463
0.338679,0.00198761,2,1,0.000989249
0.339151,0.00199158,3,1,0.000942526
0.339623,0.00199556,2,1,0.000984775
0.340094,0.00199955,3,1,0.000949083
0.340566,0.00200355,2,1,0.000985779
0.341038,0.00200756,2,1,0.000996593
0.341509,0.00201158,3,1,0.000935555
0.341981,0.0020156,2,1,0.000963381
0.342453,0.00201963,2,1,0.00097325
0.342925,0.00202367,3,1,0.000940326
0.343396,0.00202772,2,1,0.000980878
0.343868,0.00203177,3,1,0.000936839
0.34434,0.00203584,2,1,0.00095363
0.344811,0.00203991,2,1,0.000969102
0.345283,0.00204399,2,1,0.000990345
0.345755,0.00204808,3,1,0.000944459
0.346226,0.00205217,2,1,0.000990664
0.346698,0.00205628,3,1,0.000956703
0.34717,0.00206039,3,1,0.000954727
0.347642,0.00206451,3,1,0.000950026
0.348113,0.00206864,2,1,0.000987126
0.348585,0.00207278,3,1,0.00094395
0.349057,0.00207692,2,1,0.000976391
0.349528,0.00208108,2,1,0.000980863
0.35,0.00208524,2,1,0.000985796
0.350472,0.00208941,3,1,0.000941127
0.350943,0.00209359,3,1,0.000946322
0.351415,0.00209777,2,1,0.000998692
0.351887,0.00210197,3,1,0.000986628
0.352358,0.00210617,3,1,0.000981465
0.35283,0.00211039,3,1,0.000985249
0.353302,0.00211461,3,1,0.000964574
0.353774,0.00211884,2,1,0.000979839
0.354245,0.00212307,2,1,0.000972019
0.354717,0.00212732,2,1,0.000995886
0.355189,0.00213157,2,1,0.000982437
0.35566,0.00213584,3,1,0.000943038
0.356132,0.00214011,3,1,0.000975411
0.356604,0.00214439,3,1,0.000984922
0.357075,0.00214868,3,1,0.000990252
0.357547,0.00215298,3,1,0.000988776
0.358019,0.00215728,3,1,0.000969684
0.358491,0.0021616,2,1,0.000980864
0.358962,0.00216592,2,1,0.000985791
0.359434,0.00217025,2,1,0.000988064
0.359906,0.00217459,3,1,0.000948534
0.360377,0.00217894,3,1,0.000976275
0.360849,0.0021833,3,1,0.000979253
0.361321,0.00218766,4,1,0.000974602
0.361792,0.00219204,3,1,0.000983357
0.362264,0.00219642,3,1,0.000961802
0.362736,0.00220082,2,1,0.000986014
0.363208,0.00220522,2,1,0.000973315
0.363679,0.00220963,2,1,0.000989958
0.364151,0.00221405,2,1,0.000993275
0.364623,0.00221848,3,1,0.000966818
0.365094,0.00222291,3,1,0.000979979
0.365566,0.00222736,4,1,0.000965669
0.366038,0.00223181,3,1,0.000986272
0.366509,0.00223628,3,1,0.000977916
0.366981,0.00224075,3,1,0.000962672
0.367453,0.00224523,2,1,0.000986623
0.367925,0.00224972,2,1,0.000994016
0.368396,0.00225422,3,1,0.000956119
0.368868,0.00225873,3,1,0.000968973
0.36934,0.00226325,3,1,0.000979289
0.369811,0.00226777,4,1,0.000964128
0.370283,0.00227231,3,1,0.000980949
0.370755,0.00227685,3,1,0.000976849
0.371226,0.00228141,3,1,0.000958443
0.371698,0.00228597,2,1,0.000994177
0.37217,0.00229054,2,1,0.000999025
0.372642,0.00229512,3,1,0.000959859
0.373113,0.00229971,3,1,0.000957829
0.373585,0.00230431,3,1,0.000974707
0.374057,0.00230892,3,1,0.000986932
0.374528,0.00231354,4,1,0.000961442
0.375,0.00231817,3,1,0.000973155
0.375472,0.0023228,3,1,0.000981163
0.375943,0.00232745,3,1,0.000980575
0.376415,0.0023321,3,1,0.000976522
0.376887,0.00233677,3,1,0.000978517
0.377358,0.00234144,3,1,0.000966726
0.37783,0.00234612,3,1,0.000971392
0.378302,0.00235082,3,1,0.000970679
0.378774,0.00235552,3,1,0.000975459
0.379245,0.00236023,3,1,0.000969912
0.379717,0.00236495,3,1,0.00099607
0.380189,0.00236968,4,1,0.000962426
0.38066,0.00237442,3,1,0.000974359
0.381132,0.00237917,3,1,0.000976542
0.381604,0.00238393,3,1,0.000982659
0.382075,0.00238869,3,1,0.000976509
0.382547,0.00239347,3,1,0.000980174
0.383019,0.00239826,3,1,0.000982263
0.383491,0.00240305,3,1,0.0009957
0.383962,0.00240786,4,1,0.000981386
0.384434,0.00241268,4,1,0.000965101
0.384906,0.0024175,3,1,0.000973638
0.385377,0.00242234,3,1,0.000974141
0.385849,0.00242718,3,1,0.000952467
0.386321,0.00243204,3,1,0.000957111
0.386792,0.0024369,3,1,0.000969148
0.387264,0.00244177,3,1,0.000988675
0.387736,0.00244666,4,1,0.000982321
0.388208,0.00245155,4,1,0.000978599
0.388679,0.00245645,3,1,0.000993115
0.389151,0.00246137,3,1,0.000989438
0.389623,0.00246629,3,1,0.000993275
0.390094,0.00247122,4,1,0.000963228
0.390566,0.00247616,3,1,0.000977724
0.391038,0.00248112,4,1,0.000963238
0.391509,0.00248608,3,1,0.000970204
0.391981,0.00249105,3,1,0.000990013
0.392453,0.00249603,4,1,0.000964535
0.392925,0.00250103,4,1,0.000964085
0.393396,0.00250603,3,1,0.000981621
0.393868,0.00251104,3,1,0.00097201
0.39434,0.00251606,3,1,0.000967826
0.394811,0.00252109,3,1,0.000980104
0.395283,0.00252614,4,1,0.000969259
0.395755,0.00253119,3,1,0.000994255
0.396226,0.00253625,4,1,0.000998562
0.396698,0.00254132,4,1,0.000990115
0.39717,0.00254641,4,1,0.00099705
0.397642,0.0025515,4,1,0.000983851
0.398113,0.0025566,3,1,0.000989684
0.398585,0.00256171,3,1,0.00097441
0.399057,0.00256684,3,1,0.000987995
0.399528,0.00257197,4,1,0.000961065
0.4,0.00257712,3,1,0.00098898
0.400472,0.00258227,4,1,0.000972791
0.400943,0.00258743,3,1,0.000999423
0.401415,0.00259261,4,1,0.000990025
0.401887,0.00259779,4,1,0.000984127
0.402358,0.00260299,3,1,0.000998559
0.40283,0.0026082,4,1,0.000983104
0.403302,0.00261341,4,1,0.00099247
0.403774,0.00261864,5,1,0.000976065
0.404245,0.00262388,3,1,0.000998826
0.404717,0.00262912,3,1,0.00099816
0.405189,0.00263438,4,1,0.000975649
0.40566,0.00263965,3,1,0.000994219
0.406132,0.00264493,4,1,0.000986185
0.406604,0.00265022,4,1,0.000971347
0.407075,0.00265552,3,1,0.000993371
0.407547,0.00266083,4,1,0.000974179
0.408019,0.00266615,4,1,0.000969837
0.408491,0.00267149,3,1,0.000991242
0.408962,0.00267683,6,1,0.000976791
0.409434,0.00268218,3,1,0.000995219
0.409906,0.00268755,5,1,0.000984267
0.410377,0.00269292,4,1,0.000978451
0.410849,0.00269831,3,1,0.000985043
0.411321,0.0027037,3,1,0.000978862
0.411792,0.00270911,3,1,0.000983534
0.412264,0.00271453,4,1,0.000963724
0.412736,0.00271996,4,1,0.000993684
0.413208,0.0027254,4,1,0.000993827
0.413679,0.00273085,5,1,0.000991031
0.414151,0.00273631,4,1,0.000985241
0.414623,0.00274178,4,1,0.000987615
0.415094,0.00274727,4,1,0.000975758
0.415566,0.00275276,4,1,0.000973404
0.416038,0.00275827,4,1,0.000997519
0.416509,0.00276378,5,1,0.000982976
0.416981,0.00276931,4,1,0.00098079
0.417453,0.00277485,3,1,0.00099337
0.417925,0.0027804,3,1,0.000988691
0.418396,0.00278596,4,1,0.00098585
0.418868,0.00279153,5,1,0.00098397
0.41934,0.00279712,4,1,0.000978493
0.419811,0.00280271,5,1,0.000973481
0.420283,0.00280832,6,1,0.000977497
0.420755,0.00281393,4,1,0.00098882
0.421226,0.00281956,4,1,0.000981832
0.421698,0.0028252,3,1,0.000996447
0.42217,0.00283085,4,1,0.000982897
0.422642,0.00283651,4,1,0.000987639
0.423113,0.00284218,4,1,0.000992612
0.423585,0.00284787,4,1,0.000999268
0.424057,0.00285356,5,1,0.00098422
0.424528,0.00285927,4,1,0.000995714
0.425,0.00286499,4,1,0.00098525
0.425472,0.00287072,5,1,0.000977056
0.425943,0.00287646,4,1,0.000994952
0.426415,0.00288221,4,1,0.000996015
0.426887,0.00288798,6,1,0.000976847
0.427358,0.00289376,3,1,0.000982948
0.42783,0.00289954,4,1,0.00096938
0.428302,0.00290534,6,1,0.000977129
0.428774,0.00291115,5,1,0.000984791
0.429245,0.00291697,4,1,0.000970021
0.429717,0.00292281,4,1,0.000968563
0.430189,0.00292865,3,1,0.000994264
0.43066,0.00293451,4,1,0.000982778
0.431132,0.00294038,5,1,0.000975976
0.431604,0.00294626,4,1,0.000997754
0.432075,0.00295215,6,1,0.000989108
0.432547,0.00295806,5,1,0.000999154
0.433019,0.00296397,6,1,0.000992707
0.433491,0.0029699,4,1,0.000981105
0.433962,0.00297584,4,1,0.000985572
0.434434,0.00298179,4,1,0.000997234
0.434906,0.00298776,5,1,0.000994307
0.435377,0.00299373,5,1,0.000994141
0.435849,0.00299972,4,1,0.00098999
0.436321,0.00300572,5,1,0.000977428
0.436792,0.00301173,4,1,0.000996687
0.437264,0.00301775,6,1,0.000986778
0.437736,0.00302379,5,1,0.000995151
0.438208,0.00302984,4,1,0.000991989
0.438679,0.0030359,5,1,0.000983559
0.439151,0.00304197,4,1,0.000989126
0.439623,0.00304805,5,1,0.000979555
0.440094,0.00305415,5,1,0.000983045
0.440566,0.00306026,4,1,0.000997619
0.441038,0.00306638,6,1,0.000987168
0.441509,0.00307251,5,1,0.00098558
0.441981,0.00307866,4,1,0.000997414
0.442453,0.00308481,5,1,0.000991278
0.442925,0.00309098,5,1,0.000987397
0.443396,0.00309717,7,1,0.000981472
0.443868,0.00310336,4,1,0.000981716
0.44434,0.00310957,6,1,0.000999417
0.444811,0.00311579,5,1,0.000977907
0.445283,0.00312202,5,1,0.000986623
0.445755,0.00312826,4,1,0.000991298
0.446226,0.00313452,5,1,0.000992393
0.446698,0.00314079,4,1,0.000991299
0.44717,0.00314707,5,1,0.000993634
0.447642,0.00315336,5,1,0.000991669
0.448113,0.00315967,5,1,0.000990919
0.448585,0.00316599,6,1,0.000991948
0.449057,0.00317232,5,1,0.000996786
0.449528,0.00317866,5,1,0.000998893
0.45,0.00318502,7,1,0.000986179
0.450472,0.00319139,4,1,0.000995261
0.450943,0.00319777,5,1,0.00099035
0.451415,0.00320417,5,1,0.000979769
0.451887,0.00321058,4,1,0.000985632
0.452358,0.003217,6,1,0.000989548
0.45283,0.00322343,5,1,0.000997582
0.453302,0.00322988,7,1,0.000986122
0.453774,0.00323634,4,1,0.000999582
0.454245,0.00324281,6,1,0.000988561
0.454717,0.0032493,5,1,0.000998887
0.455189,0.0032558,8,1,0.000988467
0.45566,0.00326231,6,1,0.000977171
0.456132,0.00326883,5,1,0.000985745
0.456604,0.00327537,5,1,0.000981032
0.457075,0.00328192,5,1,0.000990071
0.457547,0.00328849,5,1,0.000978688
0.458019,0.00329506,5,1,0.000975628
0.458491,0.00330165,5,1,0.000976468
0.458962,0.00330826,5,1,0.00098022
0.459434,0.00331487,5,1,0.000996341
0.459906,0.0033215,6,1,0.000998061
0.460377,0.00332815,8,1,0.000978668
0.460849,0.0033348,6,1,0.000986221
0.461321,0.00334147,4,1,0.000996829
0.461792,0.00334815,6,1,0.000987251
0.462264,0.00335485,7,1,0.000991295
0.462736,0.00336156,7,1,0.00097758
0.463208,0.00336828,4,1,0.000979816
0.463679,0.00337502,6,1,0.000976879
0.464151,0.00338177,5,1,0.0009981
0.464623,0.00338853,6,1,0.000997068
0.465094,0.00339531,7,1,0.00099803
0.465566,0.0034021,6,1,0.000987044
0.466038,0.00340891,5,1,0.000978112
0.466509,0.00341572,5,1,0.000979821
0.466981,0.00342255,7,1,0.000999472
0.467453,0.0034294,7,1,0.000977968
0.467925,0.00343626,5,1,0.00098992
0.468396,0.00344313,5,1,0.000994329
0.468868,0.00345002,6,1,0.000995
0.46934,0.00345692,7,1,0.000982271
0.469811,0.00346383,6,1,0.000981643
0.470283,0.00347076,5,1,0.000998968
0.470755,0.0034777,7,1,0.000994657
0.471226,0.00348466,5,1,0.000976696
0.471698,0.00349163,9,1,0.000989205
0.47217,0.00349861,6,1,0.000986665
0.472642,0.00350561,9,1,0.000984834
0.473113,0.00351262,4,1,0.000994489
0.473585,0.00351964,5,1,0.000989879
0.474057,0.00352668,7,1,0.000992303
0.474528,0.00353373,7,1,0.000981822
0.475,0.0035408,5,1,0.000987943
0.475472,0.00354788,6,1,0.000993421
0.475943,0.00355498,6,1,0.000982068
0.476415,0.00356209,6,1,0.000993408
0.476887,0.00356921,8,1,0.000983022
0.477358,0.00357635,5,1,0.00099676
0.47783,0.00358351,7,1,0.000989578
0.478302,0.00359067,6,1,0.000998183
0.478774,0.00359785,7,1,0.000993112
0.479245,0.00360505,9,1,0.000984487
0.479717,0.00361226,7,1,0.000990507
0.480189,0.00361948,5,1,0.000998904
0.48066,0.00362672,6,1,0.000992225
0.481132,0.00363398,8,1,0.000983077
0.481604,0.00364124,4,1,0.000988477
0.482075,0.00364853,7,1,0.000986097
0.482547,0.00365582,6,1,0.000988278
0.483019,0.00366314,7,1,0.000981344
0.483491,0.00367046,7,1,0.000992069
0.483962,0.0036778,7,1,0.000993011
0.484434,0.00368516,6,1,0.000978787
0.484906,0.00369253,7,1,0.000991127
0.485377,0.00369991,9,1,0.000982556
0.485849,0.00370731,7,1,0.000986599
0.486321,0.00371473,6,1,0.000992332
0.486792,0.00372216,6,1,0.000996483
0.487264,0.0037296,8,1,0.000976891
0.487736,0.00373706,6,1,0.000983614
0.488208,0.00374453,9,1,0.00098964
0.488679,0.00375202,7,1,0.000982425
0.489151,0.00375953,8,1,0.000997785
0.489623,0.00376705,5,1,0.000998928
0.490094,0.00377458,9,1,0.000998769
0.490566,0.00378213,5,1,0.000992494
0.491038,0.00378969,9,1,0.000982435
0.491509,0.00379727,5,1,0.000987116
0.491981,0.00380487,7,1,0.000983074
0.492453,0.00381248,7,1,0.000977223
0.492925,0.0038201,8,1,0.000986613
0.493396,0.00382774,8,1,0.000982281
0.493868,0.0038354,7,1,0.000990597
0.49434,0.00384307,9,1,0.000982324
0.494811,0.00385076,9,1,0.00099318
0.495283,0.00385846,8,1,0.000986279
0.495755,0.00386617,7,1,0.000979114
0.496226,0.00387391,8,1,0.000990281
0.496698,0.00388165,6,1,0.000978879
0.49717,0.00388942,6,1,0.000993573
0.497642,0.0038972,7,1,0.000998334
0.498113,0.00390499,7,1,0.000978138
0.498585,0.0039128,7,1,0.000980211
0.499057,0.00392063,8,1,0.000983317
0.499528,0.00392847,8,1,0.000991193
0.5,0.00393632,8,1,0.000985053
0.500472,0.0039442,8,1,0.000997364
0.500943,0.00395209,7,1,0.000990213
0.501415,0.00395999,7,1,0.0009784
0.501887,0.00396791,8,1,0.000990711
0.502358,0.00397585,8,1,0.00098033
0.50283,0.0039838,8,1,0.000977933
0.503302,0.00399177,9,1,0.000985587
0.503774,0.00399975,10,1,0.000981055
0.504245,0.00400775,6,1,0.000983163
0.504717,0.00401576,10,1,0.000989779
0.505189,0.0040238,6,1,0.000980844
0.50566,0.00403184,11,1,0.000999935
0.506132,0.00403991,7,1,0.000979312
0.506604,0.00404799,8,1,0.000983388
0.507075,0.00405608,9,1,0.000989969
0.507547,0.00406419,9,1,0.000986606
0.508019,0.00407232,6,1,0.000989144
0.508491,0.00408047,8,1,0.000997203
0.508962,0.00408863,12,1,0.000997981
0.509434,0.00409681,6,1,0.000983808
0.509906,0.004105,8,1,0.000994102
0.510377,0.00411321,7,1,0.000987455
0.510849,0.00412144,8,1,0.000980038
0.511321,0.00412968,8,1,0.000991425
0.511792,0.00413794,9,1,0.00098993
0.512264,0.00414621,10,1,0.000982194
0.512736,0.00415451,4,1,0.000959508
0.513208,0.00416282,7,1,0.000992942
0.513679,0.00417114,10,1,0.000996919
0.514151,0.00417948,6,1,0.000994322
0.514623,0.00418784,10,1,0.000979421
0.515094,0.00419622,10,1,0.000984748
0.515566,0.00420461,11,1,0.000987752
0.516038,0.00421302,6,1,0.00099788
0.516509,0.00422145,14,1,0.000980441
0.516981,0.00422989,4,1,0.000994576
0.517453,0.00423835,16,1,0.000983334
0.517925,0.00424682,6,1,0.000986683
0.518396,0.00425532,18,1,0.000991835
0.518868,0.00426383,4,1,0.000950184
0.51934,0.00427236,10,1,0.000989917
0.519811,0.0042809,4,1,0.000997135
0.520283,0.00428946,9,1,0.000986279
0.520755,0.00429804,9,1,0.000982526
0.521226,0.00430664,8,1,0.000999641
0.521698,0.00431525,8,1,0.000983082
0.52217,0.00432388,7,1,0.000991542
0.522642,0.00433253,5,1,0.000983413
0.523113,0.00434119,8,1,0.000995987
0.523585,0.00434988,8,1,0.000973933
0.524057,0.00435858,9,1,0.00099908
0.524528,0.00436729,12,1,0.000984647
0.525,0.00437603,11,1,0.0009899
0.525472,0.00438478,12,1,0.000992824
0.525943,0.00439355,6,1,0.000988148
0.526415,0.00440234,17,1,0.000999458
0.526887,0.00441114,13,1,0.000994131
0.527358,0.00441996,12,1,0.000997016
0.52783,0.0044288,11,1,0.000989505
0.528302,0.00443766,5,1,0.000983112
0.528774,0.00444654,13,1,0.000989032
0.529245,0.00445543,5,1,0.000990979
0.529717,0.00446434,10,1,0.000995941
0.530189,0.00447327,11,1,0.000997368
0.53066,0.00448222,8,1,0.000995609
0.531132,0.00449118,12,1,0.00097789
0.531604,0.00450016,9,1,0.000980948
0.532075,0.00450916,11,1,0.000983116
0.532547,0.00451818,12,1,0.000984123
0.533019,0.00452722,10,1,0.000985813
0.533491,0.00453627,8,1,0.000999158
0.533962,0.00454535,7,1,0.000993517
0.534434,0.00455444,8,1,0.000993793
0.534906,0.00456354,8,1,0.000975576
0.535377,0.00457267,15,1,0.00098871
0.535849,0.00456353,6,1,0.000996231
0.536321,0.00457265,15,1,0.000993823
0.536792,0.0045818,4,1,0.00094593
0.537264,0.00457264,16,1,0.000998903
0.537736,0.00458178,4,1,0.000986719
0.538208,0.00459094,15,1,0.000980551
0.538679,0.00460013,14,1,0.000985577
0.539151,0.001894,8,1,0.000962107
0.539623,0.00189779,2,1,0.000757434
0.540094,0.00190159,2,1,0.000625
0.540566,0.00190539,2,1,0.000579725
0.541038,0.0019092,2,1,0.000552966
0.541509,0.00191302,2,1,0.000568068
0.541981,0.00191684,2,1,0.000592751
0.542453,0.00192068,2,1,0.000648494
0.542925,0.00192452,2,1,0.000720613
0.543396,0.00192837,2,1,0.000783398
0.543868,0.00193223,2,1,0.000830536
0.54434,0.00193609,2,1,0.000852092
0.544811,0.00193996,2,1,0.000845136
0.545283,0.00194384,2,1,0.000824641
0.545755,0.00194773,2,1,0.000800587
0.546226,0.00195163,2,1,0.000769914
0.546698,0.00195553,2,1,0.000752953
0.54717,0.00195944,2,1,0.000744074
0.547642,0.00196336,2,1,0.000741629
0.548113,0.00196729,2,1,0.000745696
0.548585,0.00197122,2,1,0.000767344
0.549057,0.00197516,2,1,0.000804172
0.549528,0.00197911,2,1,0.000844322
0.55,0.00198307,2,1,0.000910434
0.550472,0.00198704,2,1,0.000987768
0.550943,0.00199101,3,1,0.0009537
0.551415,0.00199499,3,1,0.000970859
0.551887,0.00199898,3,1,0.000940707
0.552358,0.00200298,3,1,0.000924785
0.55283,0.00200699,2,1,0.000979713
0.553302,0.002011,2,1,0.000981261
0.553774,0.00201502,3,1,0.000921821
0.554245,0.00201905,3,1,0.000939173
0.554717,0.00202309,3,1,0.000929718
0.555189,0.00202714,3,1,0.000962901
0.55566,0.00203119,3,1,0.000959205
0.556132,0.00203525,3,1,0.000955233
0.556604,0.00203932,3,1,0.000971517
0.557075,0.0020434,3,1,0.000968282
0.557547,0.00204749,3,1,0.000990465
0.558019,0.00205158,4,1,0.000979917
0.558491,0.00205569,4,1,0.00099099
0.558962,0.0020598,4,1,0.000975285
0.559434,0.00206392,3,1,0.000997436
0.559906,0.00206805,4,1,0.000964476
0.560377,0.00207218,3,1,0.000955491
0.560849,0.00207633,2,1,0.000997046
0.561321,0.00208048,3,1,0.000930007
0.561792,0.00208464,2,1,0.000973679
0.562264,0.00208881,2,1,0.000993327
0.562736,0.00209299,3,1,0.000948983
0.563208,0.00209717,3,1,0.00092642
0.563679,0.00210137,2,1,0.000988005
0.564151,0.00210557,3,1,0.000929705
0.564623,0.00210978,2,1,0.000977909
0.565094,0.002114,2,1,0.000987577
0.565566,0.00211823,3,1,0.000958925
0.566038,0.00212247,3,1,0.000943231
0.566509,0.00212671,3,1,0.000952974
0.566981,0.00213096,3,1,0.000940956
0.567453,0.00213523,3,1,0.000939843
0.567925,0.0021395,2,1,0.000984241
0.568396,0.00214378,3,1,0.000935607
0.568868,0.00214806,2,1,0.000979953
0.56934,0.00215236,3,1,0.000943486
0.569811,0.00215666,3,1,0.000931196
0.570283,0.00216098,2,1,0.000989085
0.570755,0.0021653,3,1,0.000956939
0.571226,0.00216963,3,1,0.000951044
0.571698,0.00217397,3,1,0.000954063
0.57217,0.00217832,3,1,0.000980317
0.572642,0.00218267,3,1,0.000977582
0.573113,0.00218704,3,1,0.000999015
0.573585,0.00219141,3,1,0.000990199
0.574057,0.0021958,3,1,0.000984411
0.574528,0.00220019,3,1,0.000964415
0.575,0.00220459,3,1,0.000952513
0.575472,0.002209,3,1,0.000957646
0.575943,0.00221342,3,1,0.000964483
0.576415,0.00221784,3,1,0.000965282
0.576887,0.00222228,3,1,0.0009734
0.577358,0.00222672,3,1,0.000985544
0.57783,0.00223118,3,1,0.000971948
0.578302,0.00223564,3,1,0.000952542
0.578774,0.00224011,3,1,0.000955755
0.579245,0.00224459,3,1,0.000936223
0.579717,0.00224908,2,1,0.000996158
0.580189,0.00225358,3,1,0.000955888
0.58066,0.00225808,3,1,0.00095913
0.581132,0.0022626,3,1,0.000988719
0.581604,0.00226713,4,1,0.000957758
0.582075,0.00227166,3,1,0.000973944
0.582547,0.0022762,3,1,0.000956406
0.583019,0.00228076,3,1,0.000949645
0.583491,0.00228532,3,1,0.000936982
0.583962,0.00228989,2,1,0.00096795
0.584434,0.00229447,2,1,0.000985679
0.584906,0.00229906,3,1,0.000971076
0.585377,0.00230365,3,1,0.000982423
0.585849,0.00230826,4,1,0.000962574
0.586321,0.00231288,4,1,0.000954422
0.586792,0.0023175,3,1,0.000963955
0.587264,0.00232214,3,1,0.000953736
0.587736,0.00232678,3,1,0.000950048
0.588208,0.00233144,3,1,0.000951529
0.588679,0.0023361,3,1,0.000963715
0.589151,0.00234077,3,1,0.000970849
0.589623,0.00234545,4,1,0.000962709
0.590094,0.00235014,3,1,0.000991184
0.590566,0.00235484,3,1,0.000983728
0.591038,0.00235955,3,1,0.000962995
0.591509,0.00236427,3,1,0.000979671
0.591981,0.002369,3,1,0.000979983
0.592453,0.00237374,3,1,0.000996714
0.592925,0.00237849,4,1,0.000955672
0.593396,0.00238324,3,1,0.000994976
0.593868,0.00238801,4,1,0.000960035
0.59434,0.00239279,3,1,0.000964512
0.594811,0.00239757,3,1,0.000943977
0.595283,0.00240237,3,1,0.000970294
0.595755,0.00240717,3,1,0.000968637
0.596226,0.00241199,3,1,0.000981586
0.596698,0.00241681,3,1,0.000990238
0.59717,0.00242164,5,1,0.000965193
0.597642,0.00242649,3,1,0.000996259
0.598113,0.00243134,3,1,0.000997008
0.598585,0.0024362,4,1,0.000953271
0.599057,0.00244108,3,1,0.000966728
0.599528,0.00244596,3,1,0.000956523
0.6,0.00245085,3,1,0.000957901
0.600472,0.00245575,3,1,0.00096988
0.600943,0.00246066,4,1,0.000959476
0.601415,0.00246558,3,1,0.000990519
0.601887,0.00247052,4,1,0.000963211
0.602358,0.00247546,3,1,0.000980752
0.60283,0.00248041,3,1,0.000989403
0.603302,0.00248537,3,1,0.000985732
0.603774,0.00249034,4,1,0.000959073
0.604245,0.00249532,3,1,0.000992655
0.604717,0.00250031,4,1,0.000978044
0.605189,0.00250531,3,1,0.000997773
0.60566,0.00251032,4,1,0.000966533
0.606132,0.00251534,3,1,0.000991872
0.606604,0.00252037,4,1,0.000961829
0.607075,0.00252541,4,1,0.000967903
0.607547,0.00253046,4,1,0.00096018
0.608019,0.00253553,3,1,0.00098501
0.608491,0.0025406,4,1,0.000956296
0.608962,0.00254568,3,1,0.000971082
0.609434,0.00255077,3,1,0.000968214
0.609906,0.00255587,3,1,0.000968687
0.610377,0.00256098,3,1,0.00099358
0.610849,0.0025661,4,1,0.000965055
0.611321,0.00257124,4,1,0.000999036
0.611792,0.00257638,5,1,0.000988976
0.612264,0.00258153,3,1,0.0009962
0.612736,0.00258669,4,1,0.000988771
0.613208,0.00259187,4,1,0.000973473
0.613679,0.00259705,3,1,0.000985157
0.614151,0.00260225,4,1,0.000970331
0.614623,0.00260745,4,1,0.00097354
0.615094,0.00261267,3,1,0.000991762
0.615566,0.00261789,4,1,0.00096949
0.616038,0.00262313,4,1,0.000958058
0.616509,0.00262837,3,1,0.000977878
0.616981,0.00263363,3,1,0.000997648
0.617453,0.0026389,4,1,0.000989126
0.617925,0.00264417,5,1,0.000971056
0.618396,0.00264946,4,1,0.000993026
0.618868,0.00265476,4,1,0.000987938
0.61934,0.00266007,4,1,0.000973118
0.619811,0.00266539,4,1,0.000984505
0.620283,0.00267072,3,1,0.000980275
0.620755,0.00267606,4,1,0.000961017
0.621226,0.00268142,3,1,0.000991843
0.621698,0.00268678,4,1,0.000999296
0.62217,0.00269215,5,1,0.000986761
0.622642,0.00269754,4,1,0.000989151
0.623113,0.00270293,4,1,0.000967331
0.623585,0.00270834,3,1,0.000998703
0.624057,0.00271375,3,1,0.000977553
0.624528,0.00271918,4,1,0.000992424
0.625,0.00272462,5,1,0.0009748
0.625472,0.00273007,4,1,0.000982456
0.625943,0.00273553,5,1,0.000971061
0.626415,0.002741,4,1,0.000966013
0.626887,0.00274648,3,1,0.000984031
0.627358,0.00275198,4,1,0.000967602
0.62783,0.00275748,4,1,0.000959735
0.628302,0.00276299,4,1,0.0009864
0.628774,0.00276852,4,1,0.000999116
0.629245,0.00277406,4,1,0.000995715
0.629717,0.00277961,4,1,0.000991452
0.630189,0.00278516,5,1,0.000968524
0.63066,0.00279074,4,1,0.000988183
0.631132,0.00279632,4,1,0.000980447
0.631604,0.00280191,5,1,0.000980903
0.632075,0.00280751,4,1,0.000970752
0.632547,0.00281313,4,1,0.000996466
0.633019,0.00281875,5,1,0.000974587
0.633491,0.00282439,5,1,0.000978368
0.633962,0.00283004,4,1,0.000966686
0.634434,0.0028357,3,1,0.000979113
0.634906,0.00284137,4,1,0.000968596
0.635377,0.00284705,4,1,0.000976642
0.635849,0.00285275,3,1,0.000989605
0.636321,0.00285845,5,1,0.000982854
0.636792,0.00286417,5,1,0.000971899
0.637264,0.0028699,5,1,0.000987848
0.637736,0.00287564,4,1,0.000999759
0.638208,0.00288139,4,1,0.000999444
0.638679,0.00288715,5,1,0.000983298
0.639151,0.00289293,4,1,0.000986696
0.639623,0.00289871,4,1,0.000968826
0.640094,0.00290451,4,1,0.000979109
0.640566,0.00291032,4,1,0.000990883
0.641038,0.00291614,5,1,0.000977805
0.641509,0.00292197,6,1,0.000989578
0.641981,0.00292782,5,1,0.000974683
0.642453,0.00293367,3,1,0.000997214
0.642925,0.00293954,5,1,0.00097096
0.643396,0.00294542,5,1,0.000976209
0.643868,0.00295131,4,1,0.000994801
0.64434,0.00295721,5,1,0.000971585
0.644811,0.00296313,3,1,0.000990497
0.645283,0.00296905,5,1,0.000998439
0.645755,0.00297499,6,1,0.000984509
0.646226,0.00298094,5,1,0.000979485
0.646698,0.0029869,4,1,0.000999321
0.64717,0.00299288,5,1,0.000982781
0.647642,0.00299886,5,1,0.000975904
0.648113,0.00300486,5,1,0.000991118
0.648585,0.00301087,5,1,0.000983919
0.649057,0.00301689,4,1,0.000988688
0.649528,0.00302293,4,1,0.000993466
0.65,0.00302897,5,1,0.000973268
0.650472,0.00303503,4,1,0.000974526
0.650943,0.0030411,4,1,0.000986241
0.651415,0.00304718,5,1,0.000989843
0.651887,0.00305328,6,1,0.000998533
0.652358,0.00305938,6,1,0.000976376
0.65283,0.0030655,4,1,0.000966395
0.653302,0.00307163,4,1,0.000985919
0.653774,0.00307778,4,1,0.000993938
0.654245,0.00308393,6,1,0.000980498
0.654717,0.0030901,7,1,0.000980543
0.655189,0.00309628,5,1,0.000974332
0.65566,0.00310247,4,1,0.000993804
0.656132,0.00310868,6,1,0.00098025
0.656604,0.00311489,4,1,0.000997354
0.657075,0.00312112,7,1,0.000984227
0.657547,0.00312737,5,1,0.00097858
0.658019,0.00313362,4,1,0.000985671
0.658491,0.00313989,4,1,0.000985142
0.658962,0.00314617,6,1,0.000978863
0.659434,0.00315246,4,1,0.000980614
0.659906,0.00315877,5,1,0.000997931
0.660377,0.00316508,6,1,0.000975399
0.660849,0.00317141,7,1,0.000979883
0.661321,0.00317776,4,1,0.000995203
0.661792,0.00318411,5,1,0.000987879
0.662264,0.00319048,5,1,0.000985249
0.662736,0.00319686,5,1,0.000995842
0.663208,0.00320325,6,1,0.000991406
0.663679,0.00320966,5,1,0.000975386
0.664151,0.00321608,4,1,0.000999277
0.664623,0.00322251,5,1,0.00097585
0.665094,0.00322896,6,1,0.000977284
0.665566,0.00323542,5,1,0.00099183
0.666038,0.00324189,6,1,0.000981887
0.666509,0.00324837,5,1,0.000996699
0.666981,0.00325487,5,1,0.000998586
0.667453,0.00326138,6,1,0.000978133
0.667925,0.0032679,6,1,0.000981036
0.668396,0.00327443,5,1,0.000993563
0.668868,0.00328098,7,1,0.000994265
0.66934,0.00328755,6,1,0.000993731
0.669811,0.00329412,6,1,0.000978314
0.670283,0.00330071,4,1,0.000985977
0.670755,0.00330731,6,1,0.000991638
0.671226,0.00331393,6,1,0.000991837
0.671698,0.00332055,6,1,0.000977782
0.67217,0.00332719,4,1,0.000966904
0.672642,0.00333385,4,1,0.000977971
0.673113,0.00334052,6,1,0.000972959
0.673585,0.0033472,6,1,0.000976245
0.674057,0.00335389,8,1,0.000978819
0.674528,0.0033606,4,1,0.000998704
0.675,0.00336732,8,1,0.000983375
0.675472,0.00337406,4,1,0.000985001
0.675943,0.0033808,9,1,0.000984894
0.676415,0.00338756,6,1,0.000974159
0.676887,0.00339434,5,1,0.000985985
0.677358,0.00340113,4,1,0.000993379
0.67783,0.00340793,6,1,0.000980766
0.678302,0.00341475,6,1,0.000976858
0.678774,0.00342158,5,1,0.000972294
0.679245,0.00342842,6,1,0.000995099
0.679717,0.00343528,8,1,0.000986007
0.680189,0.00344215,6,1,0.000974856
0.68066,0.00344903,5,1,0.000998775
0.681132,0.00345593,8,1,0.000977116
0.681604,0.00346284,4,1,0.000970554
0.682075,0.00346977,6,1,0.000972989
0.682547,0.00347671,6,1,0.00099156
0.683019,0.00348366,6,1,0.000999177
0.683491,0.00349063,6,1,0.000985221
0.683962,0.00349761,7,1,0.000983806
0.684434,0.0035046,5,1,0.000975682
0.684906,0.00351161,6,1,0.000979214
0.685377,0.00351864,7,1,0.000993699
0.685849,0.00352567,8,1,0.000977942
0.686321,0.00353272,5,1,0.000986583
0.686792,0.00353979,7,1,0.000987909
0.687264,0.00354687,6,1,0.000981481
0.687736,0.00355396,8,1,0.000991179
0.688208,0.00356107,6,1,0.000985187
0.688679,0.00356819,8,1,0.00097765
0.689151,0.00357533,6,1,0.000981927
0.689623,0.00358248,5,1,0.00099062
0.690094,0.00358965,6,1,0.000990939
0.690566,0.00359682,7,1,0.000989966
0.691038,0.00360402,6,1,0.000997741
0.691509,0.00361123,5,1,0.000983542
0.691981,0.00361845,6,1,0.000974767
0.692453,0.00362569,7,1,0.000978889
0.692925,0.00363294,8,1,0.000977813
0.693396,0.0036402,6,1,0.000987407
0.693868,0.00364748,6,1,0.000991264
0.69434,0.00365478,10,1,0.000986101
0.694811,0.00366209,5,1,0.000994272
0.695283,0.00366941,9,1,0.00098
0.695755,0.00367675,5,1,0.000993626
0.696226,0.0036841,8,1,0.000986188
0.696698,0.00369147,6,1,0.000984784
0.69717,0.00369886,6,1,0.000975324
0.697642,0.00370625,7,1,0.000983736
0.698113,0.00371367,6,1,0.000983344
0.698585,0.00372109,7,1,0.000996141
0.699057,0.00372854,8,1,0.000978928
0.699528,0.00373599,7,1,0.000997718
0.7,0.00374346,7,1,0.000977973
0.700472,0.00375095,8,1,0.000981031
0.700943,0.00375845,6,1,0.000979132
0.701415,0.00376597,8,1,0.000985756
0.701887,0.0037735,8,1,0.000997361
0.702358,0.00378105,6,1,0.00099313
0.70283,0.00378861,6,1,0.000991159
0.703302,0.00379619,6,1,0.000988353
0.703774,0.00380378,7,1,0.000981215
0.704245,0.00381139,7,1,0.000980692
0.704717,0.00381901,8,1,0.000985762
0.705189,0.00382665,9,1,0.000983225
0.70566,0.0038343,6,1,0.000983168
0.706132,0.00384197,7,1,0.000981461
0.706604,0.00384965,8,1,0.000984022
0.707075,0.00385735,9,1,0.000993022
0.707547,0.00386507,7,1,0.000986361
0.708019,0.0038728,8,1,0.000994279
0.708491,0.00388054,5,1,0.000988759
0.708962,0.00388831,10,1,0.000998132
0.709434,0.00389608,6,1,0.000998421
0.709906,0.00390387,8,1,0.000978765
0.710377,0.00391168,6,1,0.000979258
0.710849,0.00391951,7,1,0.000988392
0.711321,0.00392734,9,1,0.000993159
0.711792,0.0039352,7,1,0.000998303
0.712264,0.00394307,8,1,0.000994802
0.712736,0.00395096,9,1,0.00099071
0.713208,0.00395886,10,1,0.000988287
0.713679,0.00396678,8,1,0.000993829
0.714151,0.00397471,11,1,0.00098594
0.714623,0.00398266,5,1,0.000988433
0.715094,0.00399062,10,1,0.000999738
0.715566,0.00399861,9,1,0.00098179
0.716038,0.0040066,6,1,0.0009914
0.716509,0.00401462,6,1,0.000999173
0.716981,0.00402264,8,1,0.00097758
0.717453,0.00403069,7,1,0.000991004
0.717925,0.00403875,7,1,0.000983028
0.718396,0.00404683,8,1,0.000978617
0.718868,0.00405492,6,1,0.000978162
0.71934,0.00406303,7,1,0.000999912
0.719811,0.00407116,7,1,0.000979465
0.720283,0.0040793,8,1,0.000985844
0.720755,0.00408746,9,1,0.000981729
0.721226,0.00409563,9,1,0.000983303
0.721698,0.00410383,9,1,0.00099959
0.72217,0.00411203,11,1,0.000982894
0.722642,0.00412026,4,1,0.000979274
0.723113,0.0041285,10,1,0.000995838
0.723585,0.00413675,11,1,0.000995627
0.724057,0.00414503,7,1,0.000992015
0.724528,0.00415332,12,1,0.000985575
0.725,0.00416162,6,1,0.000995449
0.725472,0.00416995,14,1,0.000980935
0.725943,0.00417829,5,1,0.000989308
0.726415,0.00418664,13,1,0.000991522
0.726887,0.00419502,5,1,0.000993388
0.727358,0.00420341,13,1,0.000986942
0.72783,0.00421181,3,1,0.000944645
0.728302,0.00422024,6,1,0.000999614
0.728774,0.00422868,11,1,0.00099507
0.729245,0.00423714,6,1,0.000992247
0.729717,0.00424561,11,1,0.000982808
0.730189,0.0042541,5,1,0.000997821
0.73066,0.00426261,11,1,0.000984988
0.731132,0.00427114,8,1,0.000999504
0.731604,0.00427968,10,1,0.0009935
0.732075,0.00428824,8,1,0.000995009
0.732547,0.00429681,12,1,0.000993034
0.733019,0.00430541,4,1,0.000966572
0.733491,0.00431402,11,1,0.000999974
0.733962,0.00432265,8,1,0.000985153
0.734434,0.00433129,12,1,0.00098326
0.734906,0.00433995,8,1,0.000992874
0.735377,0.00434863,13,1,0.000988008
0.735849,0.00435733,8,1,0.000985801
0.736321,0.00436605,7,1,0.00099876
0.736792,0.00437478,18,1,0.000992672
0.737264,0.00438353,3,1,0.000929067
0.737736,0.00439229,10,1,0.000997546
0.738208,0.00440108,14,1,0.00098764
0.738679,0.00440988,13,1,0.00098575
0.739151,0.0044187,3,1,0.000981495
0.739623,0.00442754,13,1,0.000978678
0.740094,0.00443639,7,1,0.000998245
0.740566,0.00444527,10,1,0.000981571
0.741038,0.00445416,9,1,0.000977826
0.741509,0.00446306,6,1,0.00098897
0.741981,0.00447199,11,1,0.000980092
0.742453,0.00448093,7,1,0.000987551
0.742925,0.0044899,11,1,0.000991583
0.743396,0.00449888,12,1,0.00099902
0.743868,0.00450787,11,1,0.000986302
0.74434,0.00451689,9,1,0.000986443
0.744811,0.00452592,13,1,0.000983283
0.745283,0.00453498,6,1,0.000987874
0.745755,0.00454405,16,1,0.000993007
0.746226,0.00455313,5,1,0.000995707
0.746698,0.00456224,16,1,0.000986801
0.74717,0.00457136,9,1,0.000993862
0.747642,0.00458051,10,1,0.00099544
0.748113,0.00458967,10,1,0.000979971
0.748585,0.00459885,9,1,0.000979716
0.749057,0.00458965,12,1,0.000993932
0.749528,0.00459883,9,1,0.000981808
0.75,0.00460803,14,1,0.000990406
0.750472,0.00461724,8,1,0.000989156
0.750943,0.00462648,15,1,0.000985045
0.751415,0.00461722,4,1,0.000990225
0.751887,0.00462646,15,1,0.000992695
0.752358,0.00463571,7,1,0.000982852
0.75283,0.00230576,7,1,0.000993268
0.753302,0.00231037,2,1,0.000816134
0.753774,0.00231499,2,1,0.000690813
0.754245,0.00231962,2,1,0.000623122
0.754717,0.00232426,2,1,0.000616897
0.755189,0.00232891,2,1,0.000670645
0.75566,0.00233357,2,1,0.000715851
0.756132,0.00233824,2,1,0.000781342
0.756604,0.00234291,2,1,0.000856106
0.757075,0.0023476,2,1,0.000944732
0.757547,0.00235229,3,1,0.000911523
0.758019,0.002357,2,1,0.000976075
0.758491,0.00236171,3,1,0.000943723
0.758962,0.00236643,3,1,0.000922738
0.759434,0.00237117,2,1,0.000963756
0.759906,0.00237591,3,1,0.000924901
0.760377,0.00238066,3,1,0.000927936
0.760849,0.00238542,3,1,0.000949735
0.761321,0.00239019,3,1,0.000974721
0.761792,0.00239497,4,1,0.000947381
0.762264,0.00239976,4,1,0.000962514
0.762736,0.00240456,4,1,0.000988089
0.763208,0.00240937,5,1,0.000964777
0.763679,0.00241419,4,1,0.000991675
0.764151,0.00241902,4,1,0.000977836
0.764623,0.00242386,5,1,0.000963549
0.765094,0.00242871,4,1,0.000970842
0.765566,0.00243356,5,1,0.000992775
0.766038,0.00243843,5,1,0.000986627
0.766509,0.00244331,5,1,0.00097088
0.766981,0.00244819,3,1,0.000980645
0.767453,0.00245309,4,1,0.000959645
0.767925,0.002458,4,1,0.000952771
0.768396,0.00246291,3,1,0.000979705
0.768868,0.00246784,4,1,0.000986998
0.76934,0.00247277,4,1,0.000985313
0.769811,0.00247772,4,1,0.000985036
0.770283,0.00248267,4,1,0.000960973
0.770755,0.00248764,3,1,0.000961378
0.771226,0.00249262,3,1,0.000982391
0.771698,0.0024976,3,1,0.000958733
0.77217,0.0025026,4,1,0.000963523
0.772642,0.0025076,4,1,0.000970987
0.773113,0.00251262,5,1,0.000963365
0.773585,0.00251764,4,1,0.0009818
0.774057,0.00252268,4,1,0.000966154
0.774528,0.00252772,3,1,0.000974435
0.775,0.00253278,3,1,0.000958619
0.775472,0.00253784,3,1,0.000949171
0.775943,0.00254292,3,1,0.000949944
0.776415,0.002548,3,1,0.000969267
0.776887,0.0025531,4,1,0.00095905
0.777358,0.00255821,4,1,0.000977825
0.77783,0.00256332,4,1,0.000969989
0.778302,0.00256845,4,1,0.00096889
0.778774,0.00257359,4,1,0.000951482
0.779245,0.00257873,3,1,0.000991657
0.779717,0.00258389,4,1,0.000962992
0.780189,0.00258906,4,1,0.000950719
0.78066,0.00259424,3,1,0.00099863
0.781132,0.00259943,4,1,0.000960797
0.781604,0.00260462,4,1,0.00096975
0.782075,0.00260983,4,1,0.000974371
0.782547,0.00261505,3,1,0.000987252
0.783019,0.00262028,4,1,0.000960302
0.783491,0.00262552,4,1,0.000975452
0.783962,0.00263078,4,1,0.000998689
0.784434,0.00263604,5,1,0.000971973
0.784906,0.00264131,4,1,0.000969957
0.785377,0.00264659,3,1,0.000985631
0.785849,0.00265188,4,1,0.000973592
0.786321,0.00265719,4,1,0.000985422
0.786792,0.0026625,4,1,0.000987632
0.787264,0.00266783,5,1,0.000970094
0.787736,0.00267316,4,1,0.000979597
0.788208,0.00267851,4,1,0.000966296
0.788679,0.00268387,3,1,0.000984574
0.789151,0.00268923,4,1,0.000972506
0.789623,0.00269461,4,1,0.000966201
0.790094,0.0027,4,1,0.000980551
0.790566,0.0027054,4,1,0.000976617
0.791038,0.00271081,4,1,0.000973002
0.791509,0.00271623,4,1,0.000970067
0.791981,0.00272167,4,1,0.000957616
0.792453,0.00272711,3,1,0.00096881
0.792925,0.00273256,4,1,0.000974848
0.793396,0.00273803,4,1,0.000979959
0.793868,0.00274351,5,1,0.00096754
0.79434,0.00274899,4,1,0.000977753
0.794811,0.00275449,4,1,0.00098823
0.795283,0.00276,4,1,0.000985818
0.795755,0.00276552,4,1,0.000989704
0.796226,0.00277105,5,1,0.000981011
0.796698,0.00277659,4,1,0.000981431
0.79717,0.00278215,4,1,0.000972378
0.797642,0.00278771,4,1,0.000955871
0.798113,0.00279329,4,1,0.000972955
0.798585,0.00279887,4,1,0.000995061
0.799057,0.00280447,4,1,0.000985398
0.799528,0.00281008,5,1,0.00098473
0.8,0.0028157,4,1,0.000988999
0.800472,0.00282133,4,1,0.000967007
0.800943,0.00282697,4,1,0.000979971
0.801415,0.00283263,4,1,0.000960983
0.801887,0.00283829,4,1,0.000980011
0.802358,0.00284397,4,1,0.000990326
0.80283,0.00284966,5,1,0.000996889
0.803302,0.00285536,6,1,0.000976397
0.803774,0.00286107,3,1,0.000985589
0.804245,0.00286679,4,1,0.000970577
0.804717,0.00287252,4,1,0.000991694
0.805189,0.00287827,5,1,0.000993414
0.80566,0.00288402,5,1,0.000987103
0.806132,0.00288979,5,1,0.000983867
0.806604,0.00289557,4,1,0.000999244
0.807075,0.00290136,4,1,0.000993895
0.807547,0.00290717,5,1,0.000991444
0.808019,0.00291298,4,1,0.000984499
0.808491,0.00291881,5,1,0.000966362
0.808962,0.00292464,4,1,0.000966983
0.809434,0.00293049,4,1,0.000990551
0.809906,0.00293635,7,1,0.000980145
0.810377,0.00294223,4,1,0.000981329
0.810849,0.00294811,5,1,0.000978829
0.811321,0.00295401,4,1,0.000978948
0.811792,0.00295992,4,1,0.000976485
0.812264,0.00296584,4,1,0.000972998
0.812736,0.00297177,4,1,0.000975614
0.813208,0.00297771,5,1,0.000978427
0.813679,0.00298367,5,1,0.000995227
0.814151,0.00298963,4,1,0.000994761
0.814623,0.00299561,5,1,0.000991468
0.815094,0.0030016,5,1,0.000980273
0.815566,0.00300761,4,1,0.000996935
0.816038,0.00301362,5,1,0.000995614
0.816509,0.00301965,5,1,0.000992035
0.816981,0.00302569,5,1,0.000998177
0.817453,0.00303174,6,1,0.000988889
0.817925,0.0030378,4,1,0.000981449
0.818396,0.00304388,5,1,0.000993425
0.818868,0.00304997,6,1,0.000976002
0.81934,0.00305607,5,1,0.000975826
0.819811,0.00306218,4,1,0.000991946
0.820283,0.0030683,5,1,0.000966121
0.820755,0.00307444,4,1,0.000955911
0.821226,0.00308059,4,1,0.000987806
0.821698,0.00308675,5,1,0.000984704
0.82217,0.00309292,6,1,0.00097615
0.822642,0.00309911,5,1,0.000973495
0.823113,0.00310531,5,1,0.000993763
0.823585,0.00311152,6,1,0.000980636
0.824057,0.00311774,5,1,0.000969637
0.824528,0.00312398,4,1,0.000985331
0.825,0.00313022,5,1,0.000984824
0.825472,0.00313649,6,1,0.000994051
0.825943,0.00314276,6,1,0.000994039
0.826415,0.00314904,5,1,0.000969923
0.826887,0.00315534,4,1,0.00098233
0.827358,0.00316165,4,1,0.000999729
0.82783,0.00316798,5,1,0.000995989
0.828302,0.00317431,5,1,0.000996463
0.828774,0.00318066,6,1,0.000995598
0.829245,0.00318702,5,1,0.000974747
0.829717,0.0031934,5,1,0.000999003
0.830189,0.00319978,6,1,0.000986906
0.83066,0.00320618,7,1,0.000977222
0.831132,0.00321259,5,1,0.000987899
0.831604,0.00321902,5,1,0.00098812
0.832075,0.00322546,7,1,0.000979257
0.832547,0.00323191,5,1,0.000981473
0.833019,0.00323837,5,1,0.000976516
0.833491,0.00324485,4,1,0.000980622
0.833962,0.00325134,5,1,0.000989233
0.834434,0.00325784,5,1,0.000998552
0.834906,0.00326436,5,1,0.000983001
0.835377,0.00327089,5,1,0.000991168
0.835849,0.00327743,5,1,0.000981757
0.836321,0.00328398,5,1,0.000987184
0.836792,0.00329055,7,1,0.000985681
0.837264,0.00329713,6,1,0.000994093
0.837736,0.00330373,5,1,0.000999241
0.838208,0.00331033,8,1,0.000986551
0.838679,0.00331695,7,1,0.000987644
0.839151,0.00332359,6,1,0.000983807
0.839623,0.00333023,4,1,0.000983826
0.840094,0.0033369,6,1,0.000986554
0.840566,0.00334357,6,1,0.000983119
0.841038,0.00335026,5,1,0.000990226
0.841509,0.00335696,6,1,0.00097814
0.841981,0.00336367,4,1,0.000974899
0.842453,0.0033704,5,1,0.00099597
0.842925,0.00337714,5,1,0.00099168
0.843396,0.00338389,6,1,0.000989084
0.843868,0.00339066,7,1,0.000977357
0.84434,0.00339744,4,1,0.000997208
0.844811,0.00340424,6,1,0.000999863
0.845283,0.00341105,8,1,0.000999553
0.845755,0.00341787,8,1,0.000990717
0.846226,0.0034247,4,1,0.000996647
0.846698,0.00343155,6,1,0.000997889
0.84717,0.00343842,6,1,0.000996739
0.847642,0.00344529,7,1,0.000983692
0.848113,0.00345218,5,1,0.000985043
0.848585,0.00345909,6,1,0.000984366
0.849057,0.00346601,5,1,0.000995376
0.849528,0.00347294,9,1,0.000983646
0.85,0.00347988,3,1,0.000991361
0.850472,0.00348684,7,1,0.000978532
0.850943,0.00349382,6,1,0.000982485
0.851415,0.0035008,7,1,0.000992591
0.851887,0.00350781,7,1,0.00099154
0.852358,0.00351482,5,1,0.00098618
0.85283,0.00352185,8,1,0.000986222
0.853302,0.0035289,6,1,0.000986739
0.853774,0.00353595,6,1,0.000980958
0.854245,0.00354303,5,1,0.000982106
0.854717,0.00355011,7,1,0.000982562
0.855189,0.00355721,6,1,0.000981988
0.85566,0.00356433,4,1,0.000994586
0.856132,0.00357145,6,1,0.000984414
0.856604,0.0035786,6,1,0.000998398
0.857075,0.00358575,9,1,0.000995223
0.857547,0.00359293,6,1,0.00099068
0.858019,0.00360011,9,1,0.000990955
0.858491,0.00360731,5,1,0.00098782
0.858962,0.00361453,10,1,0.000993448
0.859434,0.00362176,7,1,0.000979469
0.859906,0.003629,7,1,0.000980577
0.860377,0.00363626,6,1,0.000990432
0.860849,0.00364353,5,1,0.000983899
0.861321,0.00365082,7,1,0.000991735
0.861792,0.00365812,5,1,0.000971826
0.862264,0.00366543,6,1,0.000993361
0.862736,0.00367277,7,1,0.000986976
0.863208,0.00368011,7,1,0.000973883
0.863679,0.00368747,5,1,0.000988643
0.864151,0.00369485,8,1,0.000979843
0.864623,0.00370224,6,1,0.000999531
0.865094,0.00370964,7,1,0.000981217
0.865566,0.00371706,8,1,0.000988749
0.866038,0.00372449,6,1,0.000990603
0.866509,0.00373194,10,1,0.000990053
0.866981,0.00373941,6,1,0.000987542
0.867453,0.00374689,8,1,0.000980707
0.867925,0.00375438,6,1,0.000984917
0.868396,0.00376189,10,1,0.000984082
0.868868,0.00376941,8,1,0.000984
0.86934,0.00377695,6,1,0.000980194
0.869811,0.0037845,9,1,0.000991274
0.870283,0.00379207,5,1,0.000973181
0.870755,0.00379966,8,1,0.000992031
0.871226,0.00380726,6,1,0.000986592
0.871698,0.00381487,4,1,0.000998882
0.87217,0.0038225,8,1,0.00098057
0.872642,0.00383015,4,1,0.000992412
0.873113,0.00383781,7,1,0.000996832
0.873585,0.00384548,9,1,0.000979177
0.874057,0.00385317,5,1,0.000997242
0.874528,0.00386088,9,1,0.000978107
0.875,0.0038686,7,1,0.000994655
0.875472,0.00387634,10,1,0.000996368
0.875943,0.00388409,7,1,0.000983985
0.876415,0.00389186,9,1,0.000976364
0.876887,0.00389964,9,1,0.000990555
0.877358,0.00390744,6,1,0.000986306
0.87783,0.00391526,10,1,0.000985307
0.878302,0.00392309,8,1,0.00099662
0.878774,0.00393093,6,1,0.000985605
0.879245,0.0039388,8,1,0.000999918
0.879717,0.00394667,10,1,0.000986372
0.880189,0.00395457,6,1,0.000991131
0.88066,0.00396248,6,1,0.000985408
0.881132,0.0039704,6,1,0.000974173
0.881604,0.00397834,7,1,0.000996927
0.882075,0.0039863,8,1,0.000979475
0.882547,0.00399427,7,1,0.00098344
0.883019,0.00400226,11,1,0.000981876
0.883491,0.00401026,7,1,0.000988349
0.883962,0.00401828,9,1,0.000981984
0.884434,0.00402632,12,1,0.000988771
0.884906,0.00403437,4,1,0.000965361
0.885377,0.00404244,11,1,0.000989357
0.885849,0.00405053,8,1,0.000995252
0.886321,0.00405863,9,1,0.000992809
0.886792,0.00406675,7,1,0.000984328
0.887264,0.00407488,10,1,0.000980909
0.887736,0.00408303,5,1,0.00097674
0.888208,0.0040912,7,1,0.000995239
0.888679,0.00409938,8,1,0.000981816
0.889151,0.00410758,7,1,0.000979291
0.889623,0.00411579,8,1,0.000981227
0.890094,0.00412402,10,1,0.000975083
0.890566,0.00413227,7,1,0.0009979
0.891038,0.00414054,9,1,0.000990227
0.891509,0.00414882,9,1,0.000995379
0.891981,0.00415711,9,1,0.000998615
0.892453,0.00416543,7,1,0.000992743
0.892925,0.00417376,11,1,0.000994356
0.893396,0.00418211,8,1,0.000995497
0.893868,0.00419047,12,1,0.000981195
0.89434,0.00419885,5,1,0.000991881
0.894811,0.00420725,15,1,0.000984372
0.895283,0.00421566,5,1,0.000998979
0.895755,0.0042241,16,1,0.000990944
0.896226,0.00423254,3,1,0.000930301
0.896698,0.00424101,7,1,0.000995105
0.89717,0.00424949,13,1,0.00098828
0.897642,0.00425799,3,1,0.000956887
0.898113,0.00426651,7,1,0.00099554
0.898585,0.00427504,10,1,0.000977311
0.899057,0.00428359,8,1,0.000984433
0.899528,0.00429216,8,1,0.000990725
0.9,0.00430074,8,1,0.000979021
0.900472,0.00430934,10,1,0.000984486
0.900943,0.00431796,11,1,0.000987392
0.901415,0.0043266,13,1,0.000990031
0.901887,0.00433525,5,1,0.000995493
0.902358,0.00434392,15,1,0.000992714
0.90283,0.00435261,5,1,0.000993547
0.903302,0.00436131,13,1,0.000989839
0.903774,0.00437004,3,1,0.000947048
0.904245,0.00437878,7,1,0.000995385
0.904717,0.00438753,14,1,0.000983477
0.905189,0.00439631,5,1,0.000987769
0.90566,0.0044051,16,1,0.000982209
0.906132,0.00441391,5,1,0.00099559
0.906604,0.00442274,18,1,0.000999299
0.907075,0.00443158,3,1,0.000992451
0.907547,0.00444045,14,1,0.000990681
0.908019,0.00444933,9,1,0.00099233
0.908491,0.00445823,10,1,0.000984065
0.908962,0.00446714,14,1,0.000982913
0.909434,0.00447608,3,1,0.000910312
0.909906,0.00448503,8,1,0.000985436
0.910377,0.004494,12,1,0.000986918
0.910849,0.00450299,10,1,0.000988189
0.911321,0.00451199,8,1,0.000998962
0.911792,0.00452102,14,1,0.00098823
0.912264,0.00453006,4,1,0.000977937
0.912736,0.00453912,13,1,0.000989142
0.913208,0.0045482,7,1,0.000997573
0.913679,0.0045573,11,1,0.000994046
0.914151,0.00456641,16,1,0.000997332
0.914623,0.00457554,3,1,0.000958274
0.915094,0.00458469,12,1,0.000996581
0.915566,0.00459386,9,1,0.000996406
0.916038,0.00460305,13,1,0.000989354
0.916509,0.00461226,11,1,0.000996792
0.916981,0.00462148,14,1,0.000981226
0.917453,0.00463072,11,1,0.000993151
0.917925,0.00463999,10,1,0.000989703
0.918396,0.00464927,18,1,0.00098876
0.918868,0.00465856,10,1,0.000999404
0.91934,0.00464925,14,1,0.000996331
0.919811,0.00464925,11,1,0.000995414
0.920283,0.00465855,6,1,0.00098452
0.920755,0.00466786,14,1,0.000983748
0.921226,0.0046772,5,1,0.000992835
0.921698,0.00468655,13,1,0.000989354
0.92217,0.00469593,4,1,0.000981444
0.922642,0.00470532,9,1,0.000974502
0.923113,0.00471473,8,1,0.00099947
0.923585,0.00472416,11,1,0.000978488
0.924057,0.00473361,10,1,0.000999844
0.924528,0.00474307,13,1,0.000988162
0.925,0.00473359,21,1,0.000984172
0.925472,0.00472412,4,1,0.000988652
0.925943,0.00211356,7,1,0.00099286
0.926415,0.00211779,2,1,0.000877065
0.926887,0.00212203,2,1,0.000757238
0.927358,0.00212627,2,1,0.000718814
0.92783,0.00213052,2,1,0.000704555
0.928302,0.00213478,2,1,0.000714968
0.928774,0.00213905,2,1,0.000743515
0.929245,0.00214333,2,1,0.000790656
0.929717,0.00214762,2,1,0.00084023
0.930189,0.00215191,2,1,0.000890587
0.93066,0.00215622,2,1,0.000967711
0.931132,0.00216053,3,1,0.000904795
0.931604,0.00216485,2,1,0.00097363
0.932075,0.00216918,2,1,0.000967736
0.932547,0.00217352,2,1,0.00095109
0.933019,0.00217787,2,1,0.000933132
0.933491,0.00218222,2,1,0.000928482
0.933962,0.00218659,2,1,0.00095556
0.934434,0.00219096,2,1,0.00097823
0.934906,0.00219534,3,1,0.000933291
0.935377,0.00219973,3,1,0.000929534
0.935849,0.00220413,2,1,0.000986696
0.936321,0.00220854,3,1,0.000959412
0.936792,0.00221296,3,1,0.000956826
0.937264,0.00221738,3,1,0.000969102
0.937736,0.00222182,3,1,0.000969811
0.938208,0.00222626,3,1,0.000965792
0.938679,0.00223071,3,1,0.000967853
0.939151,0.00223518,3,1,0.000994116
0.939623,0.00223965,4,1,0.000986941
0.940094,0.00224412,5,1,0.000955942
0.940566,0.00224861,4,1,0.000974027
0.941038,0.00225311,4,1,0.000951698
0.941509,0.00225762,3,1,0.000986872
0.941981,0.00226213,4,1,0.000990663
0.942453,0.00226666,4,1,0.000985864
0.942925,0.00227119,5,1,0.000962921
0.943396,0.00227573,4,1,0.000961197
0.943868,0.00228028,4,1,0.000959859
0.94434,0.00228484,4,1,0.000972687
0.944811,0.00228941,5,1,0.000960148
0.945283,0.00229399,4,1,0.000977709
0.945755,0.00229858,4,1,0.000957006
0.946226,0.00230318,3,1,0.000955166
0.946698,0.00230778,3,1,0.000946949
0.94717,0.0023124,3,1,0.000934521
0.947642,0.00231702,3,1,0.000957743
0.948113,0.00232166,3,1,0.000968279
0.948585,0.0023263,3,1,0.000989172
0.949057,0.00233095,3,1,0.000981485
0.949528,0.00233562,3,1,0.000994781
0.95,0.00234029,3,1,0.000981961
0.950472,0.00234497,3,1,0.000975447
0.950943,0.00234966,3,1,0.000957998
0.951415,0.00235436,3,1,0.000943028
0.951887,0.00235907,2,1,0.00099936
0.952358,0.00236378,3,1,0.000963426
0.95283,0.00236851,3,1,0.000937291
0.953302,0.00237325,3,1,0.000944755
0.953774,0.00237799,3,1,0.000952623
0.954245,0.00238275,3,1,0.000957893
0.954717,0.00238752,3,1,0.000983663
0.955189,0.00239229,3,1,0.000995813
0.95566,0.00239708,4,1,0.000980124
0.956132,0.00240187,4,1,0.000954506
0.956604,0.00240667,3,1,0.000996239
0.957075,0.00241149,4,1,0.000947378
0.957547,0.00241631,3,1,0.000965267
0.958019,0.00242114,3,1,0.00097525
0.958491,0.00242599,4,1,0.000947228
0.958962,0.00243084,3,1,0.000999477
0.959434,0.0024357,4,1,0.000989209
0.959906,0.00244057,4,1,0.000956459
0.960377,0.00244545,4,1,0.000981223
0.960849,0.00245034,4,1,0.000954125
0.961321,0.00245524,3,1,0.000966925
0.961792,0.00246015,3,1,0.000988472
0.962264,0.00246507,4,1,0.000951961
0.962736,0.00247,3,1,0.000995696
0.963208,0.00247494,4,1,0.000980729
0.963679,0.00247989,4,1,0.000955985
0.964151,0.00248485,3,1,0.00098385
0.964623,0.00248982,3,1,0.000984493
0.965094,0.0024948,4,1,0.000950774
0.965566,0.00249979,3,1,0.000994301
0.966038,0.00250479,4,1,0.000963327
0.966509,0.0025098,3,1,0.000993555
0.966981,0.00251482,4,1,0.00097945
0.967453,0.00251985,4,1,0.000951287
0.967925,0.00252489,3,1,0.000977067
0.968396,0.00252994,3,1,0.000983268
0.968868,0.002535,3,1,0.000995956
0.96934,0.00254007,4,1,0.000966083
0.969811,0.00254515,4,1,0.00097408
0.970283,0.00255024,4,1,0.000972623
0.970755,0.00255534,4,1,0.000957071
0.971226,0.00256045,4,1,0.000951683
0.971698,0.00256557,3,1,0.000979691
0.97217,0.0025707,4,1,0.000958164
0.972642,0.00257585,3,1,0.00098241
0.973113,0.002581,4,1,0.000961686
0.973585,0.00258616,4,1,0.000962747
0.974057,0.00259133,4,1,0.000964653
0.974528,0.00259651,3,1,0.000987254
0.975,0.00260171,4,1,0.000966261
0.975472,0.00260691,3,1,0.00099806
0.975943,0.00261212,4,1,0.000975672
0.976415,0.00261735,4,1,0.000981152
0.976887,0.00262258,4,1,0.000989485
0.977358,0.00262783,4,1,0.000971423
0.97783,0.00263308,4,1,0.000969045
0.978302,0.00263835,3,1,0.000977783
0.978774,0.00264363,3,1,0.000985837
0.979245,0.00264891,4,1,0.000952798
0.979717,0.00265421,4,1,0.000973865
0.980189,0.00265952,4,1,0.000989732
0.98066,0.00266484,5,1,0.000980581
0.981132,0.00267017,5,1,0.000966093
0.981604,0.00267551,3,1,0.000995739
0.982075,0.00268086,4,1,0.000963151
0.982547,0.00268622,3,1,0.0009821
0.983019,0.00269159,3,1,0.000995039
0.983491,0.00269698,4,1,0.000999615
0.983962,0.00270237,5,1,0.000993908
0.984434,0.00270778,5,1,0.000969968
0.984906,0.00271319,3,1,0.000982121
0.985377,0.00271862,3,1,0.00099951
0.985849,0.00272406,4,1,0.000993513
0.986321,0.0027295,5,1,0.000977654
0.986792,0.00273496,4,1,0.000990269
0.987264,0.00274043,5,1,0.000978592
0.987736,0.00274591,4,1,0.000991406
0.988208,0.00275141,4,1,0.000971393
0.988679,0.00275691,3,1,0.000988453
0.989151,0.00276242,4,1,0.000976311
0.989623,0.00276795,4,1,0.000987111
0.990094,0.00277348,4,1,0.000997828
0.990566,0.00277903,4,1,0.0009952
0.991038,0.00278459,5,1,0.000973978
0.991509,0.00279016,4,1,0.000977069
0.991981,0.00279574,4,1,0.000996395
0.992453,0.00280133,4,1,0.000970966
0.992925,0.00280693,4,1,0.000987816
0.993396,0.00281255,5,1,0.000979619
0.993868,0.00281817,4,1,0.000978554
0.99434,0.00282381,4,1,0.000997513
0.994811,0.00282945,4,1,0.000990217
0.995283,0.00283511,5,1,0.000972079
0.995755,0.00284078,4,1,0.000993567
0.996226,0.00284647,4,1,0.000992422
0.996698,0.00285216,4,1,0.000987749
0.99717,0.00285786,4,1,0.000988249
0.997642,0.00286358,5,1,0.000983882
0.998113,0.00286931,4,1,0.000992806
0.998585,0.00287504,5,1,0.00098036
0.999057,0.00288079,4,1,0.000981883
0.999528,0.00288656,5,1,0.000974527
1,0.00289233,5,1,0.000972726
